ElapsedS; File; Object; Format; Symmetry; Rows; Columns; NonzeroEntries; FieldType; MinValue; MaxValue; Coordinate_RIB; Coordinate_CIB; Coordinate_VB; Coordinate_Bytes; CSR_Bytes; SCSR_Bytes; SCSR+_Bytes; CSC_Bytes; SCSC_Bytes; SCSC+_Bytes
0; 08blocks.mtx; Matrix; Coordinate; General; 300; 300; 592; Integer; 1; 100; 2; 2; 4; 4736; 4154; 4154; 2378; 4154; 4154; 2378
0; 130bit.mtx; Matrix; Coordinate; General; 584; 575; 6120; Pattern; 1; 1; 2; 2; 2; 36720; 25650; 25650; 13410; 25616; 25616; 13376
2; 144.mtx; Matrix; Coordinate; Symmetric; 144649; 144649; 1074393; Pattern; 1; 1; 4; 4; 2; 21487860; 13471316; 9160150; 4862578; 13471316; 9160150; 4862578
6; 2cubes_sphere.mtx; Matrix; Coordinate; Symmetric; 101492; 101492; 874378; Real; -3.92893e+09; 2.52063e+10; 4; 4; 4; 20985072; 13584084; 10110104; 10110104; 13584084; 10110104; 10110104
0; 494_bus.mtx; Matrix; Coordinate; Symmetric; 494; 494; 1080; Real; -10000; 20007.7; 2; 2; 4; 17280; 10986; 10986; 7654; 10986; 10986; 7654
1; 598a.mtx; Matrix; Coordinate; Symmetric; 110971; 110971; 741934; Pattern; 1; 1; 4; 4; 2; 14838680; 9347096; 6378860; 3411124; 9347096; 6378860; 3411124
0; 662_bus.mtx; Matrix; Coordinate; Symmetric; 662; 662; 1568; Real; -2000; 2016.13; 2; 2; 4; 25088; 16170; 16170; 11222; 16170; 16170; 11222
0; 685_bus.mtx; Matrix; Coordinate; Symmetric; 685; 685; 1967; Real; -10000; 26185.5; 2; 2; 4; 31472; 20866; 20866; 14368; 20866; 20866; 14368
1; a0nsdsil.mtx; Matrix; Coordinate; Symmetric; 80016; 80016; 200021; Real; -9.99829; 9.99978; 4; 4; 4; 4800504; 3160340; 2387140; 1322038; 3160340; 2387140; 1322038
1; a2nnsnsl.mtx; Matrix; Coordinate; Symmetric; 80016; 80016; 196115; Real; -9.99959; 1; 4; 4; 4; 4706760; 3097844; 2338486; 949598; 3097844; 2338486; 949598
0; abb313.mtx; Matrix; Coordinate; General; 313; 176; 1557; Pattern; 1; 1; 2; 2; 2; 9342; 6856; 6856; 3742; 6582; 6582; 3468
1; ACTIVSg70K.mtx; Matrix; Coordinate; Symmetric; 69999; 69999; 154313; Real; -100103; 100000; 4; 4; 4; 3703512; 2189016; 1573206; 1334579; 2189016; 1573206; 1334579
0; adjnoun.mtx; Matrix; Coordinate; Symmetric; 112; 112; 425; Pattern; 1; 1; 2; 2; 2; 5100; 3626; 3626; 1926; 3626; 3626; 1926
1; apache1.mtx; Matrix; Coordinate; Symmetric; 80800; 80800; 311492; Real; -90000; 180016; 4; 4; 4; 7475808; 4660676; 3417948; 2875764; 4660676; 3417948; 2875764
0; arc130.mtx; Matrix; Coordinate; General; 130; 130; 1282; Real; -105156; 10.5206; 2; 2; 4; 10256; 7954; 7954; 4108; 7954; 7954; 4108
0; ash219.mtx; Matrix; Coordinate; General; 219; 85; 438; Pattern; 1; 1; 2; 2; 2; 2628; 2192; 2192; 1316; 1924; 1924; 1048
0; ash292.mtx; Matrix; Coordinate; Symmetric; 292; 292; 1250; Pattern; 1; 1; 2; 2; 2; 15000; 10586; 10586; 5586; 10586; 10586; 5586
0; ash331.mtx; Matrix; Coordinate; General; 331; 104; 662; Pattern; 1; 1; 2; 2; 2; 3972; 3312; 3312; 1988; 2858; 2858; 1534
0; ash608.mtx; Matrix; Coordinate; General; 608; 188; 1216; Pattern; 1; 1; 2; 2; 2; 7296; 6082; 6082; 3650; 5242; 5242; 2810
0; ash85.mtx; Matrix; Coordinate; Symmetric; 85; 85; 304; Pattern; 1; 1; 2; 2; 2; 3648; 2604; 2604; 1388; 2604; 2604; 1388
0; ash958.mtx; Matrix; Coordinate; General; 958; 292; 1916; Pattern; 1; 1; 2; 2; 2; 11496; 9582; 9582; 5750; 8250; 8250; 4418
6; ASIC_100k.mtx; Matrix; Coordinate; General; 99340; 99340; 954163; Real; -1e+06; 1e+06; 4; 4; 4; 11449956; 8030668; 6019460; 5065297; 8030668; 6019460; 5065297
3; ASIC_100ks.mtx; Matrix; Coordinate; General; 99190; 99190; 578890; Real; -1e+06; 1e+06; 4; 4; 4; 6946680; 5027884; 3682182; 3103292; 5027884; 3682182; 3103292
0; b1_ss.mtx; Matrix; Coordinate; General; 7; 7; 15; Real; -1; 1; 2; 2; 4; 120; 106; 106; 46; 106; 106; 46
20; barrier2-1.mtx; Matrix; Coordinate; General; 113076; 113076; 3805068; Real; -7.11628e+11; 5.50144e+11; 4; 4; 4; 45660816; 30892852; 23282728; 23282728; 30892852; 23282728; 23282728
21; barrier2-10.mtx; Matrix; Coordinate; General; 115625; 115625; 3897557; Real; -7.11628e+11; 6.9897e+11; 4; 4; 4; 46770684; 31642960; 23847858; 23847858; 31642960; 23847858; 23847858
22; barrier2-11.mtx; Matrix; Coordinate; General; 115625; 115625; 3897557; Real; -7.11628e+11; 6.9897e+11; 4; 4; 4; 46770684; 31642960; 23847858; 23847858; 31642960; 23847858; 23847858
21; barrier2-12.mtx; Matrix; Coordinate; General; 115625; 115625; 3897557; Real; -7.11628e+11; 6.9897e+11; 4; 4; 4; 46770684; 31642960; 23847858; 23847858; 31642960; 23847858; 23847858
20; barrier2-2.mtx; Matrix; Coordinate; General; 113076; 113076; 3805068; Real; -7.11628e+11; 5.50144e+11; 4; 4; 4; 45660816; 30892852; 23282728; 23282728; 30892852; 23282728; 23282728
21; barrier2-3.mtx; Matrix; Coordinate; General; 113076; 113076; 3805068; Real; -7.11628e+11; 5.50144e+11; 4; 4; 4; 45660816; 30892852; 23282728; 23282728; 30892852; 23282728; 23282728
20; barrier2-4.mtx; Matrix; Coordinate; General; 113076; 113076; 3805068; Real; -7.11628e+11; 5.50144e+11; 4; 4; 4; 45660816; 30892852; 23282728; 23282728; 30892852; 23282728; 23282728
21; barrier2-9.mtx; Matrix; Coordinate; General; 115625; 115625; 3897557; Real; -7.11628e+11; 6.9897e+11; 4; 4; 4; 46770684; 31642960; 23847858; 23847858; 31642960; 23847858; 23847858
4; Baumann.mtx; Matrix; Coordinate; General; 112211; 112211; 760631; Real; -12500; 12948.4; 4; 4; 4; 9127572; 6533896; 4792666; 3271404; 6533896; 4792666; 3271404
2; bcircuit.mtx; Matrix; Coordinate; General; 68902; 68902; 375558; Real; -5257.81; 44661.5; 4; 4; 4; 4506696; 3280076; 2403122; 1652006; 3280076; 2403122; 1652006
0; bcspwr01.mtx; Matrix; Coordinate; Symmetric; 39; 39; 85; Pattern; 1; 1; 2; 2; 2; 1020; 760; 760; 420; 760; 760; 420
0; bcspwr02.mtx; Matrix; Coordinate; Symmetric; 49; 49; 108; Pattern; 1; 1; 2; 2; 2; 1296; 964; 964; 532; 964; 964; 532
0; bcspwr03.mtx; Matrix; Coordinate; Symmetric; 118; 118; 297; Pattern; 1; 1; 2; 2; 2; 3564; 2614; 2614; 1426; 2614; 2614; 1426
0; bcspwr04.mtx; Matrix; Coordinate; Symmetric; 274; 274; 943; Pattern; 1; 1; 2; 2; 2; 11316; 8094; 8094; 4322; 8094; 8094; 4322
0; bcspwr05.mtx; Matrix; Coordinate; Symmetric; 443; 443; 1033; Pattern; 1; 1; 2; 2; 2; 12396; 9152; 9152; 5020; 9152; 9152; 5020
0; bcsstk01.mtx; Matrix; Coordinate; Symmetric; 48; 48; 224; Real; -1.0978e+08; 2.47239e+09; 2; 2; 4; 3584; 2498; 2498; 2498; 2498; 2498; 2498
0; bcsstk02.mtx; Matrix; Coordinate; Symmetric; 66; 66; 2211; Real; -3897.62; 11761.3; 2; 2; 4; 35376; 26270; 26270; 17558; 26270; 26270; 17558
0; bcsstk03.mtx; Matrix; Coordinate; Symmetric; 112; 112; 376; Real; -3.04149e+10; 1.71258e+11; 2; 2; 4; 6016; 4066; 4066; 4066; 4066; 4066; 4066
0; bcsstk04.mtx; Matrix; Coordinate; Symmetric; 132; 132; 1890; Real; -649218; 8.04211e+06; 2; 2; 4; 30240; 22154; 22154; 18506; 22154; 22154; 18506
0; bcsstk05.mtx; Matrix; Coordinate; Symmetric; 153; 153; 1288; Real; -1.43899e+06; 3.29908e+06; 2; 2; 4; 20608; 14846; 14846; 12423; 14846; 14846; 12423
0; bcsstk06.mtx; Matrix; Coordinate; Symmetric; 420; 420; 4140; Real; -2.38157e+07; 2.42137e+09; 2; 2; 4; 66240; 48002; 48002; 48002; 48002; 48002; 48002
0; bcsstk07.mtx; Matrix; Coordinate; Symmetric; 420; 420; 4140; Real; -2.38157e+07; 2.42137e+09; 2; 2; 4; 66240; 48002; 48002; 48002; 48002; 48002; 48002
0; bcsstk19.mtx; Matrix; Coordinate; Symmetric; 817; 817; 3835; Real; -7.99466e+12; 1.39889e+14; 2; 2; 4; 61360; 42754; 42754; 42754; 42754; 42754; 42754
0; bcsstk20.mtx; Matrix; Coordinate; Symmetric; 485; 485; 1810; Real; -2.69771e+14; 1.21231e+16; 2; 2; 4; 28960; 19782; 19782; 19782; 19782; 19782; 19782
0; bcsstk22.mtx; Matrix; Coordinate; Symmetric; 138; 138; 417; Real; -1.59957e+06; 4.59261e+06; 2; 2; 4; 6672; 4454; 4454; 3758; 4454; 4454; 3758
0; bcsstk34.mtx; Matrix; Coordinate; Symmetric; 588; 588; 11003; Real; -6.60513e+06; 1.3957e+07; 2; 2; 4; 176048; 129686; 129686; 108268; 129686; 129686; 108268
0; bcsstm01.mtx; Matrix; Coordinate; Symmetric; 48; 48; 48; Integer; 0; 200; 2; 2; 4; 768; 386; 386; 242; 386; 386; 242
0; bcsstm02.mtx; Matrix; Coordinate; Symmetric; 66; 66; 66; Real; 0.0197469; 0.172829; 2; 2; 4; 1056; 530; 530; 266; 530; 530; 266
0; bcsstm03.mtx; Matrix; Coordinate; Symmetric; 112; 112; 112; Real; 0; 5403.5; 2; 2; 4; 1792; 898; 898; 674; 898; 898; 674
0; bcsstm04.mtx; Matrix; Coordinate; Symmetric; 132; 132; 132; Real; 0; 0.172829; 2; 2; 4; 2112; 1058; 1058; 530; 1058; 1058; 530
0; bcsstm05.mtx; Matrix; Coordinate; Symmetric; 153; 153; 153; Real; 0.0730779; 0.927954; 2; 2; 4; 2448; 1226; 1226; 614; 1226; 1226; 614
0; bcsstm06.mtx; Matrix; Coordinate; Symmetric; 420; 420; 420; Real; 0.00219908; 7602.41; 2; 2; 4; 6720; 3362; 3362; 2522; 3362; 3362; 2522
0; bcsstm07.mtx; Matrix; Coordinate; Symmetric; 420; 420; 3836; Real; -752.492; 1737.98; 2; 2; 4; 61376; 44354; 44354; 29850; 44354; 44354; 29850
0; bcsstm19.mtx; Matrix; Coordinate; Symmetric; 817; 817; 817; Real; 169.189; 3.95452e+07; 2; 2; 4; 13072; 6538; 6538; 6538; 6538; 6538; 6538
0; bcsstm20.mtx; Matrix; Coordinate; Symmetric; 485; 485; 485; Real; 187.154; 4.77956e+07; 2; 2; 4; 7760; 3882; 3882; 3882; 3882; 3882; 3882
0; bcsstm22.mtx; Matrix; Coordinate; Symmetric; 138; 138; 138; Real; 1.0345e-05; 0.00973767; 2; 2; 4; 2208; 1106; 1106; 554; 1106; 1106; 554
0; bcsstm34.mtx; Matrix; Coordinate; Symmetric; 588; 588; 12429; Real; -2.3323; 5.08781; 2; 2; 4; 198864; 146798; 146798; 73988; 146798; 146798; 73988
0; beacxc.mtx; Matrix; Coordinate; General; 497; 506; 50409; Real; -0.0248691; 1; 2; 2; 4; 403272; 303354; 303354; 101718; 303434; 303434; 101798
0; beaflw.mtx; Matrix; Coordinate; General; 497; 507; 53403; Real; -15843.1; 131948; 2; 2; 4; 427224; 321404; 321404; 268001; 321420; 321420; 268017
0; beause.mtx; Matrix; Coordinate; General; 497; 507; 44551; Real; -15843.1; 131948; 2; 2; 4; 356408; 268292; 268292; 223741; 268318; 268318; 223767
0; bfwa398.mtx; Matrix; Coordinate; General; 398; 398; 3678; Real; -2.428; 6.29751; 2; 2; 4; 29424; 22866; 22866; 11832; 22866; 22866; 11832
0; bfwa62.mtx; Matrix; Coordinate; General; 62; 62; 450; Real; -2.47265; 6.11893; 2; 2; 4; 3600; 2826; 2826; 1476; 2826; 2826; 1476
0; bfwa782.mtx; Matrix; Coordinate; General; 782; 782; 7514; Real; -4.31804; 8.547; 2; 2; 4; 60112; 46650; 46650; 24108; 46650; 46650; 24108
0; bfwb398.mtx; Matrix; Coordinate; Symmetric; 398; 398; 1654; Real; -1.6e-05; 1e-06; 2; 2; 4; 26464; 18258; 18258; 6618; 18258; 18258; 6618
0; bfwb62.mtx; Matrix; Coordinate; Symmetric; 62; 62; 202; Real; -0.0001; 6.25e-06; 2; 2; 4; 3232; 2178; 2178; 810; 2178; 2178; 810
0; bfwb782.mtx; Matrix; Coordinate; Symmetric; 782; 782; 3382; Real; -1.17552e-05; 7.34701e-07; 2; 2; 4; 54112; 37458; 37458; 13530; 37458; 37458; 13530
0; bibd_11_5.mtx; Matrix; Coordinate; General; 55; 462; 4620; Pattern; 1; 1; 2; 2; 2; 27720; 18592; 18592; 9352; 19406; 19406; 10166
0; bibd_12_4.mtx; Matrix; Coordinate; General; 66; 495; 2970; Pattern; 1; 1; 2; 2; 2; 17820; 12014; 12014; 6074; 12872; 12872; 6932
0; bibd_12_5.mtx; Matrix; Coordinate; General; 66; 792; 7920; Pattern; 1; 1; 2; 2; 2; 47520; 31814; 31814; 15974; 33266; 33266; 17426
0; bibd_15_3.mtx; Matrix; Coordinate; General; 105; 455; 1365; Pattern; 1; 1; 2; 2; 2; 8190; 5672; 5672; 2942; 6372; 6372; 3642
0; bibd_17_3.mtx; Matrix; Coordinate; General; 136; 680; 2040; Pattern; 1; 1; 2; 2; 2; 12240; 8434; 8434; 4354; 9522; 9522; 5442
0; bibd_9_3.mtx; Matrix; Coordinate; General; 36; 84; 252; Pattern; 1; 1; 2; 2; 2; 1512; 1082; 1082; 578; 1178; 1178; 674
0; bibd_9_5.mtx; Matrix; Coordinate; General; 36; 126; 1260; Pattern; 1; 1; 2; 2; 2; 7560; 5114; 5114; 2594; 5294; 5294; 2774
29; bmw7st_1.mtx; Matrix; Coordinate; Symmetric; 141347; 141347; 3740507; Real; -1.10896e+13; 5.3258e+15; 4; 4; 4; 89772168; 59282728; 44386980; 44386980; 59282728; 44386980; 44386980
40; bmwcra_1.mtx; Matrix; Coordinate; Symmetric; 148770; 148770; 5396386; Real; -5.37747e+06; 1.08608e+07; 4; 4; 4; 129513264; 85747100; 64218942; 53574940; 85747100; 64218942; 53574940
20; boneS01.mtx; Matrix; Coordinate; Symmetric; 127224; 127224; 3421188; Real; -4273.5; 18803.4; 4; 4; 4; 82108512; 54230116; 40555832; 27125528; 54230116; 40555832; 27125528
4; boyd1.mtx; Matrix; Coordinate; Symmetric; 93279; 93279; 652246; Real; -7.806e+08; 1.2065e+09; 4; 4; 4; 15653904; 10062968; 7585044; 7585044; 10062968; 7585044; 7585044
0; bp_0.mtx; Matrix; Coordinate; General; 822; 822; 3276; Real; -206.9; 238.95; 2; 2; 4; 26208; 21302; 21302; 11474; 21302; 21302; 11474
0; bp_1000.mtx; Matrix; Coordinate; General; 822; 822; 4661; Real; -206.9; 238.95; 2; 2; 4; 37288; 29612; 29612; 15629; 29612; 29612; 15629
0; bp_1200.mtx; Matrix; Coordinate; General; 822; 822; 4726; Real; -206.9; 238.95; 2; 2; 4; 37808; 30002; 30002; 15824; 30002; 30002; 15824
0; bp_1400.mtx; Matrix; Coordinate; General; 822; 822; 4790; Real; -206.9; 238.95; 2; 2; 4; 38320; 30386; 30386; 16016; 30386; 30386; 16016
0; bp_1600.mtx; Matrix; Coordinate; General; 822; 822; 4841; Real; -206.9; 238.95; 2; 2; 4; 38728; 30692; 30692; 16169; 30692; 30692; 16169
0; bp_200.mtx; Matrix; Coordinate; General; 822; 822; 3802; Real; -206.9; 238.95; 2; 2; 4; 30416; 24458; 24458; 13052; 24458; 24458; 13052
0; bp_400.mtx; Matrix; Coordinate; General; 822; 822; 4028; Real; -155.16; 225.9; 2; 2; 4; 32224; 25814; 25814; 13730; 25814; 25814; 13730
0; bp_600.mtx; Matrix; Coordinate; General; 822; 822; 4172; Real; -206.9; 238.95; 2; 2; 4; 33376; 26678; 26678; 14162; 26678; 26678; 14162
0; bp_800.mtx; Matrix; Coordinate; General; 822; 822; 4534; Real; -206.9; 238.95; 2; 2; 4; 36272; 28850; 28850; 15248; 28850; 28850; 15248
0; bwm200.mtx; Matrix; Coordinate; General; 200; 200; 796; Real; -615.696; 310.073; 2; 2; 4; 6368; 5178; 5178; 3586; 5178; 5178; 3586
2; c-69.mtx; Matrix; Coordinate; Symmetric; 67458; 67458; 345714; Real; -24.4996; 395053; 4; 4; 4; 8297136; 5261596; 3895068; 3271098; 5261596; 3895068; 3271098
2; c-70.mtx; Matrix; Coordinate; Symmetric; 68924; 68924; 363955; Real; -24.6143; 403225; 4; 4; 4; 8734920; 5547588; 4114056; 3455070; 5547588; 4114056; 3455070
3; c-71.mtx; Matrix; Coordinate; Symmetric; 76638; 76638; 468096; Real; -31.5559; 52050.3; 4; 4; 4; 11234304; 7182988; 5376902; 3657794; 7182988; 5376902; 3657794
2; c-72.mtx; Matrix; Coordinate; Symmetric; 84064; 84064; 395811; Real; -24.8682; 221623; 4; 4; 4; 9499464; 5996724; 4516272; 3808714; 5996724; 4516272; 3808714
0; cage.mtx; Matrix; Coordinate; Symmetric; 366; 366; 2562; Pattern; 1; 1; 2; 2; 2; 30744; 21230; 21230; 10982; 21230; 21230; 10982
11; cage12.mtx; Matrix; Coordinate; General; 130228; 130228; 2032536; Real; 0.0125046; 0.924972; 4; 4; 4; 24390432; 16781204; 12556098; 4425954; 16781204; 12556098; 4425954
0; cage3.mtx; Matrix; Coordinate; General; 5; 5; 19; Real; 0.0500184; 0.666667; 2; 2; 4; 152; 126; 126; 50; 126; 126; 50
0; cage4.mtx; Matrix; Coordinate; General; 9; 9; 49; Real; 0.0375138; 0.75; 2; 2; 4; 392; 314; 314; 118; 314; 314; 118
0; cage5.mtx; Matrix; Coordinate; General; 37; 37; 233; Real; 0.0300111; 0.819934; 2; 2; 4; 1864; 1474; 1474; 542; 1474; 1474; 542
0; cage6.mtx; Matrix; Coordinate; General; 93; 93; 785; Real; 0.0250092; 0.849945; 2; 2; 4; 6280; 4898; 4898; 1758; 4898; 4898; 1758
0; cage7.mtx; Matrix; Coordinate; General; 340; 340; 3084; Real; 0.0214365; 0.871381; 2; 2; 4; 24672; 19186; 19186; 6850; 19186; 19186; 6850
0; CAG_mat364.mtx; Matrix; Coordinate; General; 364; 364; 13585; Integer; 1; 55; 2; 2; 4; 108680; 82240; 82240; 41485; 82240; 82240; 41485
0; CAG_mat72.mtx; Matrix; Coordinate; General; 72; 72; 1012; Integer; 1; 21; 2; 2; 4; 8096; 6218; 6218; 3182; 6218; 6218; 3182
0; can_144.mtx; Matrix; Coordinate; Symmetric; 144; 144; 720; Pattern; 1; 1; 2; 2; 2; 8640; 6050; 6050; 3170; 6050; 6050; 3170
0; can_161.mtx; Matrix; Coordinate; Symmetric; 161; 161; 769; Pattern; 1; 1; 2; 2; 2; 9228; 6476; 6476; 3400; 6476; 6476; 3400
0; can_187.mtx; Matrix; Coordinate; Symmetric; 187; 187; 839; Pattern; 1; 1; 2; 2; 2; 10068; 7088; 7088; 3732; 7088; 7088; 3732
0; can_229.mtx; Matrix; Coordinate; Symmetric; 229; 229; 1003; Pattern; 1; 1; 2; 2; 2; 12036; 8484; 8484; 4472; 8484; 8484; 4472
0; can_24.mtx; Matrix; Coordinate; Symmetric; 24; 24; 92; Pattern; 1; 1; 2; 2; 2; 1104; 786; 786; 418; 786; 786; 418
0; can_256.mtx; Matrix; Coordinate; Symmetric; 256; 256; 1586; Pattern; 1; 1; 2; 2; 2; 19032; 13202; 13202; 6858; 13202; 13202; 6858
0; can_268.mtx; Matrix; Coordinate; Symmetric; 268; 268; 1675; Pattern; 1; 1; 2; 2; 2; 20100; 13938; 13938; 7238; 13938; 13938; 7238
0; can_292.mtx; Matrix; Coordinate; Symmetric; 292; 292; 1416; Pattern; 1; 1; 2; 2; 2; 16992; 11914; 11914; 6250; 11914; 11914; 6250
0; can_445.mtx; Matrix; Coordinate; Symmetric; 445; 445; 2127; Pattern; 1; 1; 2; 2; 2; 25524; 17908; 17908; 9400; 17908; 17908; 9400
0; can_61.mtx; Matrix; Coordinate; Symmetric; 61; 61; 309; Pattern; 1; 1; 2; 2; 2; 3708; 2596; 2596; 1360; 2596; 2596; 1360
0; can_62.mtx; Matrix; Coordinate; Symmetric; 62; 62; 140; Pattern; 1; 1; 2; 2; 2; 1680; 1246; 1246; 686; 1246; 1246; 686
0; can_634.mtx; Matrix; Coordinate; Symmetric; 634; 634; 3931; Pattern; 1; 1; 2; 2; 2; 47172; 32718; 32718; 16994; 32718; 32718; 16994
0; can_715.mtx; Matrix; Coordinate; Symmetric; 715; 715; 3690; Pattern; 1; 1; 2; 2; 2; 44280; 30952; 30952; 16192; 30952; 30952; 16192
0; can_73.mtx; Matrix; Coordinate; Symmetric; 73; 73; 225; Pattern; 1; 1; 2; 2; 2; 2700; 1948; 1948; 1048; 1948; 1948; 1048
0; can_838.mtx; Matrix; Coordinate; Symmetric; 838; 838; 5424; Pattern; 1; 1; 2; 2; 2; 65088; 45070; 45070; 23374; 45070; 45070; 23374
0; can_96.mtx; Matrix; Coordinate; Symmetric; 96; 96; 432; Pattern; 1; 1; 2; 2; 2; 5184; 3650; 3650; 1922; 3650; 3650; 1922
0; cat_ears_2_1.mtx; Matrix; Coordinate; General; 85; 85; 254; Pattern; 1; 1; 2; 2; 2; 1524; 1188; 1188; 680; 1188; 1188; 680
0; cat_ears_3_1.mtx; Matrix; Coordinate; General; 204; 181; 542; Pattern; 1; 1; 2; 2; 2; 3252; 2578; 2578; 1494; 2532; 2532; 1448
0; cat_ears_4_1.mtx; Matrix; Coordinate; General; 377; 313; 938; Pattern; 1; 1; 2; 2; 2; 5628; 4508; 4508; 2632; 4380; 4380; 2504
0; cavity01.mtx; Matrix; Coordinate; General; 317; 317; 7327; Real; -2.48889; 8.53333; 2; 2; 4; 58616; 44598; 44598; 22617; 44598; 44598; 22617
0; cavity02.mtx; Matrix; Coordinate; General; 317; 317; 7327; Real; -11.6838; 14.8728; 2; 2; 4; 58616; 44598; 44598; 22617; 44598; 44598; 22617
0; cavity03.mtx; Matrix; Coordinate; General; 317; 317; 7327; Real; -24.5672; 25.433; 2; 2; 4; 58616; 44598; 44598; 22617; 44598; 44598; 22617
0; cavity04.mtx; Matrix; Coordinate; General; 317; 317; 7327; Real; -40.5752; 37.7899; 2; 2; 4; 58616; 44598; 44598; 22617; 44598; 44598; 22617
0; cdde1.mtx; Matrix; Coordinate; General; 961; 961; 4681; Real; -1.0625; 3.9707; 2; 2; 4; 37448; 30010; 30010; 15967; 30010; 30010; 15967
0; cdde2.mtx; Matrix; Coordinate; General; 961; 961; 4681; Real; -2.5625; 3.9707; 2; 2; 4; 37448; 30010; 30010; 15967; 30010; 30010; 15967
0; cdde3.mtx; Matrix; Coordinate; General; 961; 961; 4681; Real; -1.0625; 3.92188; 2; 2; 4; 37448; 30010; 30010; 15967; 30010; 30010; 15967
0; cdde4.mtx; Matrix; Coordinate; General; 961; 961; 4681; Real; -2.5625; 3.92188; 2; 2; 4; 37448; 30010; 30010; 15967; 30010; 30010; 15967
0; cdde5.mtx; Matrix; Coordinate; General; 961; 961; 4681; Real; -1.0625; 3.75586; 2; 2; 4; 37448; 30010; 30010; 15967; 30010; 30010; 15967
0; cdde6.mtx; Matrix; Coordinate; General; 961; 961; 4681; Real; -2.5625; 3.75586; 2; 2; 4; 37448; 30010; 30010; 15967; 30010; 30010; 15967
0; celegansneural.mtx; Matrix; Coordinate; General; 297; 297; 2345; Integer; 1; 70; 2; 2; 4; 18760; 14660; 14660; 7625; 14612; 14612; 7577
0; celegans_metabolic.mtx; Matrix; Coordinate; Symmetric; 453; 453; 2040; Integer; 1; 114; 2; 2; 4; 32640; 25298; 25298; 13103; 25298; 25298; 13103
5; cfd1.mtx; Matrix; Coordinate; Symmetric; 70656; 70656; 949510; Real; -0.797418; 1; 4; 4; 4; 22788240; 14909540; 11112550; 3799094; 14909540; 11112550; 3799094
10; cfd2.mtx; Matrix; Coordinate; Symmetric; 123440; 123440; 1605669; Real; -0.836178; 1; 4; 4; 4; 38536056; 25196948; 18779624; 6428032; 25196948; 18779624; 6428032
0; ch3-3-b1.mtx; Matrix; Coordinate; General; 18; 9; 36; Integer; -1; 1; 2; 2; 4; 288; 254; 254; 110; 236; 236; 92
0; ch3-3-b2.mtx; Matrix; Coordinate; General; 6; 18; 18; Integer; -1; 1; 2; 2; 4; 144; 122; 122; 50; 146; 146; 74
0; ch4-4-b1.mtx; Matrix; Coordinate; General; 72; 16; 144; Integer; -1; 1; 2; 2; 4; 1152; 1010; 1010; 434; 898; 898; 322
0; ch4-4-b2.mtx; Matrix; Coordinate; General; 96; 72; 288; Integer; -1; 1; 2; 2; 4; 2304; 1922; 1922; 770; 1874; 1874; 722
0; ch4-4-b3.mtx; Matrix; Coordinate; General; 24; 96; 96; Integer; -1; 1; 2; 2; 4; 768; 626; 626; 242; 770; 770; 386
0; ch5-5-b1.mtx; Matrix; Coordinate; General; 200; 25; 400; Integer; -1; 1; 2; 2; 4; 3200; 2802; 2802; 1202; 2452; 2452; 852
0; ch5-5-b2.mtx; Matrix; Coordinate; General; 600; 200; 1800; Integer; -1; 1; 2; 2; 4; 14400; 12002; 12002; 4802; 11202; 11202; 4002
0; ch5-5-b3.mtx; Matrix; Coordinate; General; 600; 600; 2400; Integer; -1; 1; 2; 2; 4; 19200; 15602; 15602; 6002; 15602; 15602; 6002
0; ch5-5-b4.mtx; Matrix; Coordinate; General; 120; 600; 600; Integer; -1; 1; 2; 2; 4; 4800; 3842; 3842; 1442; 4802; 4802; 2402
0; ch6-6-b1.mtx; Matrix; Coordinate; General; 450; 36; 900; Integer; -1; 1; 2; 2; 4; 7200; 6302; 6302; 2702; 5474; 5474; 1874
0; ch7-6-b1.mtx; Matrix; Coordinate; General; 630; 42; 1260; Integer; -1; 1; 2; 2; 4; 10080; 8822; 8822; 3782; 7646; 7646; 2606
0; ch7-7-b1.mtx; Matrix; Coordinate; General; 882; 49; 1764; Integer; -1; 1; 2; 2; 4; 14112; 12350; 12350; 5294; 10684; 10684; 3628
1; ch7-8-b5.mtx; Matrix; Coordinate; General; 141120; 141120; 846720; Integer; -1; 1; 4; 4; 4; 10160640; 7338244; 5494944; 2108064; 7338244; 5483184; 2096304
0; Chebyshev1.mtx; Matrix; Coordinate; General; 261; 261; 2319; Real; -3250; 20000; 2; 2; 4; 18552; 14438; 14438; 9800; 14438; 14438; 9800
37; Chebyshev4.mtx; Matrix; Coordinate; General; 68121; 68121; 5377761; Real; -6.5e+07; 4e+08; 4; 4; 4; 64533132; 43294576; 32409108; 32409108; 43294576; 32410088; 32410088
0; chesapeake.mtx; Matrix; Coordinate; Symmetric; 39; 39; 170; Pattern; 1; 1; 2; 2; 2; 2040; 1440; 1440; 760; 1440; 1440; 760
1; circuit_4.mtx; Matrix; Coordinate; General; 80209; 80209; 307604; Real; -5340.9; 156.469; 4; 4; 4; 3691248; 2781672; 2059248; 1136436; 2781672; 2054444; 1131632
0; cis-n4c6-b1.mtx; Matrix; Coordinate; General; 210; 21; 420; Integer; -1; 1; 2; 2; 4; 3360; 2942; 2942; 1262; 2564; 2564; 884
0; cis-n4c6-b15.mtx; Matrix; Coordinate; General; 60; 920; 960; Integer; -1; 1; 2; 2; 4; 7680; 5882; 5882; 2042; 7602; 7602; 3762
0; Cities.mtx; Matrix; Coordinate; General; 55; 46; 1342; Integer; 1; 3; 2; 2; 4; 10736; 8164; 8164; 4138; 8146; 8146; 4120
0; ck104.mtx; Matrix; Coordinate; General; 104; 104; 992; Real; -2.61683; 4.74815; 2; 2; 4; 7936; 6162; 6162; 3186; 6162; 6162; 3186
0; ck400.mtx; Matrix; Coordinate; General; 400; 400; 2860; Real; -2.61683; 4.74815; 2; 2; 4; 22880; 17962; 17962; 9382; 17962; 17962; 9382
0; ck656.mtx; Matrix; Coordinate; General; 656; 656; 3884; Real; -2.61683; 4.74815; 2; 2; 4; 31072; 24618; 24618; 12966; 24618; 24618; 12966
19; consph.mtx; Matrix; Coordinate; Symmetric; 83334; 83334; 3046907; Real; -13160.8; 15980.5; 4; 4; 4; 73125768; 48417180; 36239512; 24218552; 48417180; 36239512; 24218552
1; cont-201.mtx; Matrix; Coordinate; Symmetric; 80595; 80595; 239596; Real; -1; 4; 4; 4; 4; 5750304; 3832744; 2824640; 1508255; 3832744; 2824640; 1508255
8; cop20k_A.mtx; Matrix; Coordinate; Symmetric; 121192; 121192; 1362087; Real; -71.3774; 182.126; 4; 4; 4; 32690088; 21394024; 16130908; 8257915; 21394024; 16130908; 8257915
9; crashbasis.mtx; Matrix; Coordinate; General; 160000; 160000; 1750416; Real; -166.971; 408.47; 4; 4; 4; 21004992; 14643332; 11316910; 7816078; 14643332; 11259854; 7759022
0; ct2010.mtx; Matrix; Coordinate; Symmetric; 67578; 67578; 168176; Integer; 9; 1.56111e+06; 4; 4; 4; 4036224; 2961132; 2159570; 1823218; 2961132; 2159570; 1823218
0; curtis54.mtx; Matrix; Coordinate; General; 54; 54; 291; Pattern; 1; 1; 2; 2; 2; 1746; 1274; 1274; 692; 1274; 1274; 692
0; cz148.mtx; Matrix; Coordinate; General; 148; 148; 1527; Real; -100.488; 50; 2; 2; 4; 12216; 9460; 9460; 4879; 9460; 9460; 4879
0; cz308.mtx; Matrix; Coordinate; General; 308; 308; 3182; Real; -402.835; 200; 2; 2; 4; 25456; 19710; 19710; 10164; 19710; 19710; 10164
0; cz628.mtx; Matrix; Coordinate; General; 628; 628; 6346; Real; -1615.84; 800; 2; 2; 4; 50768; 39334; 39334; 26642; 39334; 39334; 26642
4; dc1.mtx; Matrix; Coordinate; General; 116835; 116835; 766396; Real; -98.3607; 56740.1; 4; 4; 4; 9196752; 6598512; 4933754; 3400962; 6598512; 4933884; 3401092
4; dc2.mtx; Matrix; Coordinate; General; 116835; 116835; 766396; Real; -98.3607; 58106.6; 4; 4; 4; 9196752; 6598512; 4933754; 3400962; 6598512; 4933884; 3401092
4; dc3.mtx; Matrix; Coordinate; General; 116835; 116835; 766396; Real; -98.3607; 62419; 4; 4; 4; 9196752; 6598512; 4933754; 3400962; 6598512; 4933884; 3401092
0; delaunay_n16.mtx; Matrix; Coordinate; Symmetric; 65536; 65536; 196575; Pattern; 1; 1; 4; 4; 2; 3931500; 2621048; 1703694; 917394; 2621048; 1703694; 917394
0; delaunay_n17.mtx; Matrix; Coordinate; Symmetric; 131072; 131072; 393176; Pattern; 1; 1; 4; 4; 2; 7863520; 5242404; 3550538; 1977834; 5242404; 3550538; 1977834
0; dendrimer.mtx; Matrix; Coordinate; Symmetric; 730; 730; 31877; Real; -0.373393; 0.669352; 2; 2; 4; 510032; 379606; 379606; 127510; 379606; 379606; 127510
3; denormal.mtx; Matrix; Coordinate; Symmetric; 89400; 89400; 622812; Real; -0.016; 0.04; 4; 4; 4; 14947488; 9607396; 7118540; 2493644; 9607396; 7118540; 2493644
0; divorce.mtx; Matrix; Coordinate; General; 50; 9; 225; Pattern; 1; 1; 2; 2; 2; 1350; 1002; 1002; 552; 920; 920; 470
0; DK01R.mtx; Matrix; Coordinate; General; 903; 903; 11766; Real; -8.67301e+06; 3.11611e+06; 2; 2; 4; 94128; 72404; 72404; 60638; 72404; 72404; 60638
0; dolphins.mtx; Matrix; Coordinate; Symmetric; 62; 62; 159; Pattern; 1; 1; 2; 2; 2; 1908; 1398; 1398; 762; 1398; 1398; 762
14; Dubcova3.mtx; Matrix; Coordinate; Symmetric; 146689; 146689; 1891669; Real; -0.408248; 2.66667; 4; 4; 4; 45400056; 29679952; 22477066; 11567119; 29679952; 22477066; 11567119
0; dw256A.mtx; Matrix; Coordinate; General; 512; 512; 2480; Real; -1.32359; 0.781538; 2; 2; 4; 19840; 15906; 15906; 5986; 15906; 15906; 5986
0; dw256B.mtx; Matrix; Coordinate; General; 512; 512; 2500; Real; -0.0141196; 0.945398; 2; 2; 4; 20000; 16026; 16026; 6026; 16026; 16026; 6026
0; dwa512.mtx; Matrix; Coordinate; General; 512; 512; 2480; Real; -1.32359; 0.781538; 2; 2; 4; 19840; 15906; 15906; 5986; 15906; 15906; 5986
0; dwb512.mtx; Matrix; Coordinate; General; 512; 512; 2500; Real; -0.0141196; 0.945398; 2; 2; 4; 20000; 16026; 16026; 6026; 16026; 16026; 6026
0; dwt_162.mtx; Matrix; Coordinate; Symmetric; 162; 162; 672; Pattern; 1; 1; 2; 2; 2; 8064; 5702; 5702; 3014; 5702; 5702; 3014
0; dwt_193.mtx; Matrix; Coordinate; Symmetric; 193; 193; 1843; Pattern; 1; 1; 2; 2; 2; 22116; 15132; 15132; 7760; 15132; 15132; 7760
0; dwt_198.mtx; Matrix; Coordinate; Symmetric; 198; 198; 795; Pattern; 1; 1; 2; 2; 2; 9540; 6758; 6758; 3578; 6758; 6758; 3578
0; dwt_209.mtx; Matrix; Coordinate; Symmetric; 209; 209; 976; Pattern; 1; 1; 2; 2; 2; 11712; 8228; 8228; 4324; 8228; 8228; 4324
0; dwt_221.mtx; Matrix; Coordinate; Symmetric; 221; 221; 925; Pattern; 1; 1; 2; 2; 2; 11100; 7844; 7844; 4144; 7844; 7844; 4144
0; dwt_234.mtx; Matrix; Coordinate; Symmetric; 234; 234; 534; Pattern; 1; 1; 2; 2; 2; 6408; 4742; 4742; 2606; 4742; 4742; 2606
0; dwt_245.mtx; Matrix; Coordinate; Symmetric; 245; 245; 853; Pattern; 1; 1; 2; 2; 2; 10236; 7316; 7316; 3904; 7316; 7316; 3904
0; dwt_307.mtx; Matrix; Coordinate; Symmetric; 307; 307; 1415; Pattern; 1; 1; 2; 2; 2; 16980; 11936; 11936; 6276; 11936; 11936; 6276
0; dwt_310.mtx; Matrix; Coordinate; Symmetric; 310; 310; 1379; Pattern; 1; 1; 2; 2; 2; 16548; 11654; 11654; 6138; 11654; 11654; 6138
0; dwt_346.mtx; Matrix; Coordinate; Symmetric; 346; 346; 1786; Pattern; 1; 1; 2; 2; 2; 21432; 14982; 14982; 7838; 14982; 14982; 7838
0; dwt_361.mtx; Matrix; Coordinate; Symmetric; 361; 361; 1657; Pattern; 1; 1; 2; 2; 2; 19884; 13980; 13980; 7352; 13980; 13980; 7352
0; dwt_419.mtx; Matrix; Coordinate; Symmetric; 419; 419; 1991; Pattern; 1; 1; 2; 2; 2; 23892; 16768; 16768; 8804; 16768; 16768; 8804
0; dwt_492.mtx; Matrix; Coordinate; Symmetric; 492; 492; 1824; Pattern; 1; 1; 2; 2; 2; 21888; 15578; 15578; 8282; 15578; 15578; 8282
0; dwt_503.mtx; Matrix; Coordinate; Symmetric; 503; 503; 3265; Pattern; 1; 1; 2; 2; 2; 39180; 27128; 27128; 14068; 27128; 27128; 14068
0; dwt_512.mtx; Matrix; Coordinate; Symmetric; 512; 512; 2007; Pattern; 1; 1; 2; 2; 2; 24084; 17082; 17082; 9054; 17082; 17082; 9054
0; dwt_59.mtx; Matrix; Coordinate; Symmetric; 59; 59; 163; Pattern; 1; 1; 2; 2; 2; 1956; 1424; 1424; 772; 1424; 1424; 772
0; dwt_592.mtx; Matrix; Coordinate; Symmetric; 592; 592; 2848; Pattern; 1; 1; 2; 2; 2; 34176; 23970; 23970; 12578; 23970; 23970; 12578
0; dwt_607.mtx; Matrix; Coordinate; Symmetric; 607; 607; 2869; Pattern; 1; 1; 2; 2; 2; 34428; 24168; 24168; 12692; 24168; 24168; 12692
0; dwt_66.mtx; Matrix; Coordinate; Symmetric; 66; 66; 193; Pattern; 1; 1; 2; 2; 2; 2316; 1678; 1678; 906; 1678; 1678; 906
0; dwt_72.mtx; Matrix; Coordinate; Symmetric; 72; 72; 147; Pattern; 1; 1; 2; 2; 2; 1764; 1322; 1322; 734; 1322; 1322; 734
0; dwt_758.mtx; Matrix; Coordinate; Symmetric; 758; 758; 3376; Pattern; 1; 1; 2; 2; 2; 40512; 28526; 28526; 15022; 28526; 28526; 15022
0; dwt_869.mtx; Matrix; Coordinate; Symmetric; 869; 869; 4077; Pattern; 1; 1; 2; 2; 2; 48924; 34356; 34356; 18048; 34356; 34356; 18048
0; dwt_87.mtx; Matrix; Coordinate; Symmetric; 87; 87; 314; Pattern; 1; 1; 2; 2; 2; 3768; 2688; 2688; 1432; 2688; 2688; 1432
0; dwt_878.mtx; Matrix; Coordinate; Symmetric; 878; 878; 4163; Pattern; 1; 1; 2; 2; 2; 49956; 35062; 35062; 18410; 35062; 35062; 18410
0; dwt_918.mtx; Matrix; Coordinate; Symmetric; 918; 918; 4151; Pattern; 1; 1; 2; 2; 2; 49812; 35046; 35046; 18442; 35046; 35046; 18442
0; dwt_992.mtx; Matrix; Coordinate; Symmetric; 992; 992; 8868; Pattern; 1; 1; 2; 2; 2; 106416; 72930; 72930; 37458; 72930; 72930; 37458
0; dynamicSoaringProblem_1.mtx; Matrix; Coordinate; Symmetric; 647; 647; 2865; Real; -100; 237.143; 2; 2; 4; 45840; 33498; 33498; 17397; 33498; 33498; 17397
0; D_10.mtx; Matrix; Coordinate; General; 460; 816; 7614; Integer; -48; 24; 2; 2; 4; 60912; 46604; 46604; 23762; 47314; 47314; 24472
0; D_11.mtx; Matrix; Coordinate; General; 169; 461; 2952; Integer; -6; 6; 2; 2; 4; 23616; 18052; 18052; 9196; 18628; 18628; 9772
0; D_5.mtx; Matrix; Coordinate; General; 434; 115; 1832; Integer; -6; 18; 2; 2; 4; 14656; 11854; 11854; 6358; 11222; 11222; 5726
0; D_6.mtx; Matrix; Coordinate; General; 970; 435; 6491; Integer; -18; 64; 2; 2; 4; 51928; 40882; 40882; 21409; 39814; 39814; 20341
0; d_dyn.mtx; Matrix; Coordinate; General; 87; 87; 238; Real; -79.6894; 79.6894; 2; 2; 4; 1904; 1604; 1604; 890; 1604; 1604; 890
0; d_dyn1.mtx; Matrix; Coordinate; General; 87; 87; 238; Real; -25200; 25200; 2; 2; 4; 1904; 1604; 1604; 1128; 1604; 1604; 1128
0; d_ss.mtx; Matrix; Coordinate; General; 53; 53; 149; Real; -25200; 25200; 2; 2; 4; 1192; 1002; 1002; 704; 1002; 1002; 704
5; engine.mtx; Matrix; Coordinate; Symmetric; 143571; 143571; 2424822; Integer; 8; 8; 4; 4; 4; 58195728; 38222872; 28894736; 14776517; 38222872; 28894736; 14776517
0; enron.mtx; Matrix; Coordinate; General; 69244; 69244; 276143; Pattern; 1; 1; 4; 4; 2; 2761430; 1727138; 1140034; 587748; 1902362; 1227638; 675352
3; epb3.mtx; Matrix; Coordinate; General; 84617; 84617; 463625; Real; -0.344297; 0.435282; 4; 4; 4; 5563500; 4047472; 2951284; 1096784; 4047472; 2951808; 1097308
0; Erdos971.mtx; Matrix; Coordinate; Symmetric; 472; 472; 1314; Pattern; 1; 1; 2; 2; 2; 15768; 11380; 11380; 6124; 11380; 11380; 6124
0; Erdos981.mtx; Matrix; Coordinate; Symmetric; 485; 485; 1381; Pattern; 1; 1; 2; 2; 2; 16572; 11940; 11940; 6416; 11940; 11940; 6416
0; Erdos991.mtx; Matrix; Coordinate; Symmetric; 492; 492; 1417; Pattern; 1; 1; 2; 2; 2; 17004; 12246; 12246; 6578; 12246; 12246; 6578
0; ex1.mtx; Matrix; Coordinate; Symmetric; 560; 560; 4368; Pattern; 1; 1; 2; 2; 2; 52416; 36066; 36066; 18594; 36066; 36066; 18594
0; ex2.mtx; Matrix; Coordinate; Symmetric; 560; 560; 4368; Pattern; 1; 1; 2; 2; 2; 52416; 36066; 36066; 18594; 36066; 36066; 18594
0; ex21.mtx; Matrix; Coordinate; General; 656; 656; 19144; Real; -0.0324326; 0.478009; 2; 2; 4; 153152; 116178; 116178; 39602; 116178; 116178; 39602
0; ex22.mtx; Matrix; Coordinate; General; 839; 839; 22715; Real; -3.87512; 7.80955; 2; 2; 4; 181720; 137970; 137970; 69825; 137970; 137970; 69825
0; ex25.mtx; Matrix; Coordinate; General; 848; 848; 24612; Real; -0.173755; 0.351872; 2; 2; 4; 196896; 149370; 149370; 50922; 149370; 149370; 50922
0; ex27.mtx; Matrix; Coordinate; General; 974; 974; 40782; Real; -0.0706368; 0.156271; 2; 2; 4; 326256; 246642; 246642; 83514; 246642; 246642; 83514
0; ex5.mtx; Matrix; Coordinate; Symmetric; 27; 27; 153; Real; -1.18519e+06; 2.37038e+06; 2; 2; 4; 2448; 1730; 1730; 1451; 1730; 1730; 1451
17; F2.mtx; Matrix; Coordinate; Symmetric; 71505; 71505; 2682895; Real; -3.01713e+06; 5.53597e+06; 4; 4; 4; 64389480; 42640304; 31987074; 26692789; 42640304; 31987074; 26692789
0; farm.mtx; Matrix; Coordinate; General; 7; 17; 41; Integer; 1; 250; 2; 2; 4; 328; 262; 262; 139; 282; 282; 159
23; FEM_3D_thermal2.mtx; Matrix; Coordinate; General; 147900; 147900; 3489300; Real; -0.10315; 0.291773; 4; 4; 4; 41871600; 28506004; 21244184; 7286984; 28506004; 21244184; 7286984
0; fe_ocean.mtx; Matrix; Coordinate; Symmetric; 143437; 143437; 409593; Pattern; 1; 1; 4; 4; 2; 8191860; 5488868; 3617096; 1978724; 5488868; 3617096; 1978724
1; fe_rotor.mtx; Matrix; Coordinate; Symmetric; 99617; 99617; 662431; Pattern; 1; 1; 4; 4; 2; 13248620; 8347644; 5592614; 2942890; 8347644; 5592614; 2942890
1; fe_tooth.mtx; Matrix; Coordinate; Symmetric; 78136; 78136; 452591; Pattern; 1; 1; 4; 4; 2; 9051820; 5743640; 3876278; 2065914; 5743640; 3876278; 2065914
10; filter3D.mtx; Matrix; Coordinate; Symmetric; 106437; 106437; 1406808; Real; -0.00710824; 0.0042906; 4; 4; 4; 33763392; 22083184; 16460930; 5632214; 22083184; 16460930; 5632214
2; finan512.mtx; Matrix; Coordinate; Symmetric; 74752; 74752; 335872; Real; -0.999999; 26.9352; 4; 4; 4; 8060928; 5074948; 3764596; 1973620; 5074948; 3764596; 1973620
0; flower_4_1.mtx; Matrix; Coordinate; General; 121; 129; 386; Pattern; 1; 1; 2; 2; 2; 2316; 1788; 1788; 1016; 1804; 1804; 1032
0; flower_5_1.mtx; Matrix; Coordinate; General; 211; 201; 602; Pattern; 1; 1; 2; 2; 2; 3612; 2832; 2832; 1628; 2812; 2812; 1608
0; flower_7_1.mtx; Matrix; Coordinate; General; 463; 393; 1178; Pattern; 1; 1; 2; 2; 2; 7068; 5640; 5640; 3284; 5500; 5500; 3144
0; flower_8_1.mtx; Matrix; Coordinate; General; 625; 513; 1538; Pattern; 1; 1; 2; 2; 2; 9228; 7404; 7404; 4328; 7180; 7180; 4104
0; football.mtx; Matrix; Coordinate; General; 35; 35; 118; Integer; 1; 12; 2; 2; 4; 944; 762; 762; 408; 750; 750; 396
0; ford2.mtx; Matrix; Coordinate; Symmetric; 100196; 100196; 322442; Pattern; 1; 1; 4; 4; 2; 6448840; 4270092; 2826658; 1536890; 4270092; 2826658; 1536890
0; freeFlyingRobot_1.mtx; Matrix; Coordinate; Symmetric; 798; 798; 2861; Real; -9.81526e+08; 3.65596e+12; 2; 2; 4; 45776; 33074; 33074; 33074; 33074; 33074; 33074
0; fs_183_1.mtx; Matrix; Coordinate; General; 183; 183; 1069; Real; -7.65e+08; 8.22724e+08; 2; 2; 4; 8552; 6782; 6782; 6782; 6782; 6782; 6782
0; fs_183_3.mtx; Matrix; Coordinate; General; 183; 183; 1069; Real; -7.65e+08; 8.45851e+08; 2; 2; 4; 8552; 6782; 6782; 6782; 6782; 6782; 6782
0; fs_183_4.mtx; Matrix; Coordinate; General; 183; 183; 1069; Real; -7.65e+08; 8.15706e+08; 2; 2; 4; 8552; 6782; 6782; 6782; 6782; 6782; 6782
0; fs_183_6.mtx; Matrix; Coordinate; General; 183; 183; 1069; Real; -7.65e+08; 8.73139e+08; 2; 2; 4; 8552; 6782; 6782; 6782; 6782; 6782; 6782
0; fs_541_1.mtx; Matrix; Coordinate; General; 541; 541; 4285; Real; -31.3099; 31.3089; 2; 2; 4; 34280; 26794; 26794; 13939; 26794; 26794; 13939
0; fs_541_2.mtx; Matrix; Coordinate; General; 541; 541; 4285; Real; -794379; 794353; 2; 2; 4; 34280; 26794; 26794; 22509; 26794; 26794; 22509
0; fs_541_3.mtx; Matrix; Coordinate; General; 541; 541; 4285; Real; -5.99826e+06; 5.99826e+06; 2; 2; 4; 34280; 26794; 26794; 22509; 26794; 26794; 22509
0; fs_541_4.mtx; Matrix; Coordinate; General; 541; 541; 4285; Real; -798774; 798777; 2; 2; 4; 34280; 26794; 26794; 22509; 26794; 26794; 22509
0; fs_680_1.mtx; Matrix; Coordinate; General; 680; 680; 2646; Real; -4.83016e+13; 4.83096e+13; 2; 2; 4; 21168; 17238; 17238; 17238; 17238; 17238; 17238
0; fs_680_2.mtx; Matrix; Coordinate; General; 680; 680; 2646; Real; -4.83016e+13; 4.83023e+13; 2; 2; 4; 21168; 17238; 17238; 17238; 17238; 17238; 17238
0; fs_680_3.mtx; Matrix; Coordinate; General; 680; 680; 2646; Real; -4.83016e+13; 4.83016e+13; 2; 2; 4; 21168; 17238; 17238; 17238; 17238; 17238; 17238
0; fs_760_1.mtx; Matrix; Coordinate; General; 760; 760; 5976; Real; -2.1905e+08; 2.1916e+08; 2; 2; 4; 47808; 37378; 37378; 37378; 37378; 37378; 37378
0; fs_760_2.mtx; Matrix; Coordinate; General; 760; 760; 5976; Real; -2.1905e+08; 2.19056e+08; 2; 2; 4; 47808; 37378; 37378; 37378; 37378; 37378; 37378
0; fs_760_3.mtx; Matrix; Coordinate; General; 760; 760; 5976; Real; -2.1905e+08; 2.19056e+08; 2; 2; 4; 47808; 37378; 37378; 37378; 37378; 37378; 37378
0; G1.mtx; Matrix; Coordinate; Symmetric; 800; 800; 19176; Pattern; 1; 1; 2; 2; 2; 230112; 155010; 155010; 78306; 155010; 155010; 78306
0; G10.mtx; Matrix; Coordinate; Symmetric; 800; 800; 19176; Integer; -1; 1; 2; 2; 4; 306816; 231714; 231714; 78306; 231714; 231714; 78306
0; G11.mtx; Matrix; Coordinate; Symmetric; 800; 800; 1600; Integer; -1; 1; 2; 2; 4; 25600; 20802; 20802; 8002; 20802; 20802; 8002
0; G12.mtx; Matrix; Coordinate; Symmetric; 800; 800; 1600; Integer; -1; 1; 2; 2; 4; 25600; 20802; 20802; 8002; 20802; 20802; 8002
0; G13.mtx; Matrix; Coordinate; Symmetric; 800; 800; 1600; Integer; -1; 1; 2; 2; 4; 25600; 20802; 20802; 8002; 20802; 20802; 8002
0; G14.mtx; Matrix; Coordinate; Symmetric; 800; 800; 4694; Pattern; 1; 1; 2; 2; 2; 56328; 39154; 39154; 20378; 39154; 39154; 20378
0; G15.mtx; Matrix; Coordinate; Symmetric; 800; 800; 4661; Pattern; 1; 1; 2; 2; 2; 55932; 38890; 38890; 20246; 38890; 38890; 20246
0; G16.mtx; Matrix; Coordinate; Symmetric; 800; 800; 4672; Pattern; 1; 1; 2; 2; 2; 56064; 38978; 38978; 20290; 38978; 38978; 20290
0; G17.mtx; Matrix; Coordinate; Symmetric; 800; 800; 4667; Pattern; 1; 1; 2; 2; 2; 56004; 38938; 38938; 20270; 38938; 38938; 20270
0; G18.mtx; Matrix; Coordinate; Symmetric; 800; 800; 4694; Integer; -1; 1; 2; 2; 4; 75104; 57930; 57930; 20378; 57930; 57930; 20378
0; G19.mtx; Matrix; Coordinate; Symmetric; 800; 800; 4661; Integer; -1; 1; 2; 2; 4; 74576; 57534; 57534; 20246; 57534; 57534; 20246
0; G2.mtx; Matrix; Coordinate; Symmetric; 800; 800; 19176; Pattern; 1; 1; 2; 2; 2; 230112; 155010; 155010; 78306; 155010; 155010; 78306
0; G20.mtx; Matrix; Coordinate; Symmetric; 800; 800; 4672; Integer; -1; 1; 2; 2; 4; 74752; 57666; 57666; 20290; 57666; 57666; 20290
0; G21.mtx; Matrix; Coordinate; Symmetric; 800; 800; 4667; Integer; -1; 1; 2; 2; 4; 74672; 57606; 57606; 20270; 57606; 57606; 20270
2; G2_circuit.mtx; Matrix; Coordinate; Symmetric; 150102; 150102; 438388; Real; -1176.47; 22247.6; 4; 4; 4; 10521312; 6413804; 4716948; 3263600; 6413804; 4716948; 3263600
0; G3.mtx; Matrix; Coordinate; Symmetric; 800; 800; 19176; Pattern; 1; 1; 2; 2; 2; 230112; 155010; 155010; 78306; 155010; 155010; 78306
0; G4.mtx; Matrix; Coordinate; Symmetric; 800; 800; 19176; Pattern; 1; 1; 2; 2; 2; 230112; 155010; 155010; 78306; 155010; 155010; 78306
0; G43.mtx; Matrix; Coordinate; Symmetric; 1000; 1000; 9990; Pattern; 1; 1; 2; 2; 2; 119880; 81922; 81922; 41962; 81922; 81922; 41962
0; G44.mtx; Matrix; Coordinate; Symmetric; 1000; 1000; 9990; Pattern; 1; 1; 2; 2; 2; 119880; 81922; 81922; 41962; 81922; 81922; 41962
0; G45.mtx; Matrix; Coordinate; Symmetric; 1000; 1000; 9990; Pattern; 1; 1; 2; 2; 2; 119880; 81922; 81922; 41962; 81922; 81922; 41962
0; G46.mtx; Matrix; Coordinate; Symmetric; 1000; 1000; 9990; Pattern; 1; 1; 2; 2; 2; 119880; 81922; 81922; 41962; 81922; 81922; 41962
0; G47.mtx; Matrix; Coordinate; Symmetric; 1000; 1000; 9990; Pattern; 1; 1; 2; 2; 2; 119880; 81922; 81922; 41962; 81922; 81922; 41962
0; G5.mtx; Matrix; Coordinate; Symmetric; 800; 800; 19176; Pattern; 1; 1; 2; 2; 2; 230112; 155010; 155010; 78306; 155010; 155010; 78306
0; G51.mtx; Matrix; Coordinate; Symmetric; 1000; 1000; 5909; Pattern; 1; 1; 2; 2; 2; 70908; 49274; 49274; 25638; 49274; 49274; 25638
0; G52.mtx; Matrix; Coordinate; Symmetric; 1000; 1000; 5916; Pattern; 1; 1; 2; 2; 2; 70992; 49330; 49330; 25666; 49330; 49330; 25666
0; G53.mtx; Matrix; Coordinate; Symmetric; 1000; 1000; 5914; Pattern; 1; 1; 2; 2; 2; 70968; 49314; 49314; 25658; 49314; 49314; 25658
0; G54.mtx; Matrix; Coordinate; Symmetric; 1000; 1000; 5916; Pattern; 1; 1; 2; 2; 2; 70992; 49330; 49330; 25666; 49330; 49330; 25666
0; G6.mtx; Matrix; Coordinate; Symmetric; 800; 800; 19176; Integer; -1; 1; 2; 2; 4; 306816; 231714; 231714; 78306; 231714; 231714; 78306
0; G7.mtx; Matrix; Coordinate; Symmetric; 800; 800; 19176; Integer; -1; 1; 2; 2; 4; 306816; 231714; 231714; 78306; 231714; 231714; 78306
0; G8.mtx; Matrix; Coordinate; Symmetric; 800; 800; 19176; Integer; -1; 1; 2; 2; 4; 306816; 231714; 231714; 78306; 231714; 231714; 78306
0; G9.mtx; Matrix; Coordinate; Symmetric; 800; 800; 19176; Integer; -1; 1; 2; 2; 4; 306816; 231714; 231714; 78306; 231714; 231714; 78306
24; Ga10As10H30.mtx; Matrix; Coordinate; Symmetric; 113081; 113081; 3114357; Real; -87.1646; 116.385; 4; 4; 4; 74744568; 49377392; 36986184; 18639285; 49377392; 36986184; 18639285
34; Ga19As19H42.mtx; Matrix; Coordinate; Symmetric; 133123; 133123; 4508981; Real; -87.6201; 116.381; 4; 4; 4; 108215544; 71611208; 53663704; 27009187; 71611208; 53663704; 27009187
0; gams10a.mtx; Matrix; Coordinate; General; 114; 171; 407; Real; -1; 1; 2; 2; 4; 3256; 2672; 2672; 1044; 2786; 2786; 1158
0; gams10am.mtx; Matrix; Coordinate; General; 114; 171; 407; Real; -1; 1; 2; 2; 4; 3256; 2672; 2672; 1044; 2786; 2786; 1158
0; gams30a.mtx; Matrix; Coordinate; General; 354; 531; 1287; Real; -1; 1; 2; 2; 4; 10296; 8432; 8432; 3284; 8786; 8786; 3638
0; gams30am.mtx; Matrix; Coordinate; General; 354; 531; 1287; Real; -1; 1; 2; 2; 4; 10296; 8432; 8432; 3284; 8786; 8786; 3638
0; gas11.mtx; Matrix; Coordinate; General; 459; 862; 2166; Real; -264.71; 252; 2; 2; 4; 17328; 13916; 13916; 7418; 14718; 14718; 8220
6; gas_sensor.mtx; Matrix; Coordinate; Symmetric; 66917; 66917; 885141; Real; -6.10417; 4.47638; 4; 4; 4; 21243384; 13894592; 10358130; 5248035; 13894592; 10358130; 5248035
0; GD00_a.mtx; Matrix; Coordinate; General; 352; 352; 458; Pattern; 1; 1; 2; 2; 2; 2748; 2388; 2388; 1472; 2226; 2226; 1310
0; GD00_c.mtx; Matrix; Coordinate; General; 638; 638; 1041; Integer; 1; 5; 2; 2; 4; 8328; 7106; 7106; 3983; 7060; 7060; 3937
0; GD01_a.mtx; Matrix; Coordinate; General; 311; 311; 645; Integer; 1; 3; 2; 2; 4; 5160; 4266; 4266; 2331; 4228; 4228; 2293
0; GD01_Acap.mtx; Matrix; Coordinate; General; 953; 953; 645; Integer; 1; 3; 2; 2; 4; 5160; 4266; 4266; 2331; 4230; 4230; 2295
0; GD01_b.mtx; Matrix; Coordinate; General; 18; 18; 37; Pattern; 1; 1; 2; 2; 2; 222; 186; 186; 112; 186; 186; 112
0; GD01_c.mtx; Matrix; Coordinate; General; 33; 33; 135; Integer; 1; 2; 2; 2; 4; 1080; 872; 872; 467; 874; 874; 469
0; GD02_a.mtx; Matrix; Coordinate; General; 23; 23; 87; Pattern; 1; 1; 2; 2; 2; 522; 394; 394; 220; 396; 396; 222
0; GD02_b.mtx; Matrix; Coordinate; General; 80; 80; 232; Pattern; 1; 1; 2; 2; 2; 1392; 1086; 1086; 622; 1090; 1090; 626
0; GD06_theory.mtx; Matrix; Coordinate; Symmetric; 101; 101; 190; Pattern; 1; 1; 2; 2; 2; 2280; 1724; 1724; 964; 1724; 1724; 964
0; GD95_a.mtx; Matrix; Coordinate; General; 36; 36; 57; Pattern; 1; 1; 2; 2; 2; 342; 298; 298; 184; 300; 300; 186
0; GD95_b.mtx; Matrix; Coordinate; General; 73; 73; 96; Pattern; 1; 1; 2; 2; 2; 576; 466; 466; 274; 526; 526; 334
0; GD95_c.mtx; Matrix; Coordinate; General; 62; 62; 287; Pattern; 1; 1; 2; 2; 2; 1722; 1274; 1274; 700; 1274; 1274; 700
0; GD96_b.mtx; Matrix; Coordinate; General; 111; 111; 193; Pattern; 1; 1; 2; 2; 2; 1158; 958; 958; 572; 814; 814; 428
0; GD96_c.mtx; Matrix; Coordinate; Symmetric; 65; 65; 125; Pattern; 1; 1; 2; 2; 2; 1500; 1132; 1132; 632; 1132; 1132; 632
0; GD96_d.mtx; Matrix; Coordinate; General; 180; 180; 229; Pattern; 1; 1; 2; 2; 2; 1374; 1144; 1144; 686; 1264; 1264; 806
0; GD97_a.mtx; Matrix; Coordinate; Symmetric; 84; 84; 166; Pattern; 1; 1; 2; 2; 2; 1992; 1498; 1498; 834; 1498; 1498; 834
0; GD97_b.mtx; Matrix; Coordinate; Symmetric; 47; 47; 132; Real; 0.01; 1356.59; 2; 2; 4; 2112; 1678; 1678; 1150; 1678; 1678; 1150
0; GD97_c.mtx; Matrix; Coordinate; General; 452; 452; 460; Integer; 1; 17; 2; 2; 4; 3680; 2890; 2890; 1510; 3620; 3620; 2240
0; GD98_a.mtx; Matrix; Coordinate; General; 38; 38; 50; Pattern; 1; 1; 2; 2; 2; 300; 234; 234; 134; 260; 260; 160
0; GD98_b.mtx; Matrix; Coordinate; General; 121; 121; 207; Pattern; 1; 1; 2; 2; 2; 1242; 1072; 1072; 658; 1072; 1072; 658
0; GD98_c.mtx; Matrix; Coordinate; Symmetric; 112; 112; 168; Pattern; 1; 1; 2; 2; 2; 2016; 1570; 1570; 898; 1570; 1570; 898
0; GD99_b.mtx; Matrix; Coordinate; Symmetric; 64; 64; 127; Integer; 1; 2; 2; 2; 4; 2032; 1642; 1642; 886; 1642; 1642; 886
0; GD99_c.mtx; Matrix; Coordinate; General; 105; 105; 149; Pattern; 1; 1; 2; 2; 2; 894; 732; 732; 434; 806; 806; 508
31; Ge87H76.mtx; Matrix; Coordinate; Symmetric; 112985; 112985; 4002590; Real; -2.73784; 13.981; 4; 4; 4; 96062160; 63589504; 47645146; 23968561; 63589504; 47645146; 23968561
8; gearbox.mtx; Matrix; Coordinate; Symmetric; 153746; 153746; 4617075; Pattern; 1; 1; 4; 4; 2; 92341500; 56019888; 37249590; 18781290; 56019888; 37249590; 18781290
0; gent113.mtx; Matrix; Coordinate; General; 113; 113; 655; Pattern; 1; 1; 2; 2; 2; 3930; 2848; 2848; 1538; 2848; 2848; 1538
0; GL6_D_10.mtx; Matrix; Coordinate; General; 163; 341; 2053; Integer; -8; 8; 2; 2; 4; 16424; 12644; 12644; 6485; 12998; 12998; 6839
0; GL6_D_6.mtx; Matrix; Coordinate; General; 469; 201; 2526; Integer; -16; 64; 2; 2; 4; 20208; 16088; 16088; 8510; 15556; 15556; 7978
0; GL6_D_7.mtx; Matrix; Coordinate; General; 636; 470; 5378; Integer; -40; 15; 2; 2; 4; 43024; 33542; 33542; 17408; 33208; 33208; 17074
0; GL6_D_8.mtx; Matrix; Coordinate; General; 544; 637; 6153; Integer; -12; 15; 2; 2; 4; 49224; 38004; 38004; 19545; 38184; 38184; 19725
0; GL6_D_9.mtx; Matrix; Coordinate; General; 340; 545; 4349; Integer; -7; 8; 2; 2; 4; 34792; 26774; 26774; 13727; 27180; 27180; 14133
0; GL7d10.mtx; Matrix; Coordinate; General; 1; 60; 8; Integer; -1; 6; 2; 2; 4; 64; 52; 52; 28; 68; 68; 44
0; GlossGT.mtx; Matrix; Coordinate; General; 72; 72; 122; Pattern; 1; 1; 2; 2; 2; 732; 610; 610; 366; 562; 562; 318
0; goddardRocketProblem_1.mtx; Matrix; Coordinate; Symmetric; 831; 831; 4457; Real; -37707.8; 1.72128e+09; 2; 2; 4; 71312; 52652; 52652; 52652; 52652; 52652; 52652
0; goddardRocketProblem_2.mtx; Matrix; Coordinate; Symmetric; 867; 867; 4746; Real; -234.975; 203.519; 2; 2; 4; 75936; 56084; 56084; 28910; 56084; 56084; 28910
18; Goodwin_095.mtx; Matrix; Coordinate; General; 100037; 100037; 3226066; Real; -0.266667; 1; 4; 4; 4; 38712792; 26208680; 19559374; 6655110; 26208680; 19559398; 6655134
0; gre_115.mtx; Matrix; Coordinate; General; 115; 115; 421; Real; 5.96046e-08; 0.952381; 2; 2; 4; 3368; 2758; 2758; 1074; 2758; 2758; 1074
0; gre_185.mtx; Matrix; Coordinate; General; 185; 185; 1005; Real; 0; 0.9351; 2; 2; 4; 8040; 6402; 6402; 2382; 6402; 6402; 2382
0; gre_216a.mtx; Matrix; Coordinate; General; 216; 216; 876; Real; 0; 0.75; 2; 2; 4; 7008; 5690; 5690; 2186; 5690; 5690; 2186
0; gre_216b.mtx; Matrix; Coordinate; General; 216; 216; 876; Real; 0; 0.99032; 2; 2; 4; 7008; 5690; 5690; 2186; 5690; 5690; 2186
0; gre_343.mtx; Matrix; Coordinate; General; 343; 343; 1435; Real; 0; 0.75; 2; 2; 4; 11480; 9298; 9298; 3558; 9298; 9298; 3558
0; gre_512.mtx; Matrix; Coordinate; General; 512; 512; 2192; Real; 0; 0.75; 2; 2; 4; 17536; 14178; 14178; 5410; 14178; 14178; 5410
0; grid1.mtx; Matrix; Coordinate; Symmetric; 252; 252; 476; Pattern; 1; 1; 2; 2; 2; 5712; 4314; 4314; 2410; 4314; 4314; 2410
0; grid1_dual.mtx; Matrix; Coordinate; Symmetric; 224; 224; 420; Pattern; 1; 1; 2; 2; 2; 5040; 3810; 3810; 2130; 3810; 3810; 2130
0; gr_30_30.mtx; Matrix; Coordinate; Symmetric; 900; 900; 4322; Integer; -1; 8; 2; 2; 4; 69152; 48266; 48266; 25034; 48266; 48266; 25034
1; G_n_pin_pout.mtx; Matrix; Coordinate; Symmetric; 100000; 100000; 501198; Pattern; 1; 1; 4; 4; 2; 10023960; 6414360; 4383446; 2378654; 6414360; 4383446; 2378654
9; H2O.mtx; Matrix; Coordinate; Symmetric; 67024; 67024; 1141880; Real; -22.0238; 118.484; 4; 4; 4; 27405120; 18001988; 13443684; 6793476; 18001988; 13443684; 6793476
0; Hamrle1.mtx; Matrix; Coordinate; General; 32; 32; 98; Real; -156.79; 156.79; 2; 2; 4; 784; 654; 654; 360; 654; 654; 360
0; hangGlider_1.mtx; Matrix; Coordinate; Symmetric; 360; 360; 1838; Real; -2790.57; 10383.1; 2; 2; 4; 29408; 21584; 21584; 14630; 21584; 21584; 14630
0; Harvard500.mtx; Matrix; Coordinate; General; 500; 500; 2636; Pattern; 1; 1; 2; 2; 2; 15816; 11546; 11546; 6274; 11302; 11302; 6030
2; hcircuit.mtx; Matrix; Coordinate; General; 105676; 105676; 513072; Real; -21.8516; 44.0937; 4; 4; 4; 6156864; 4527284; 3378728; 1839512; 4527284; 3378752; 1839536
0; hor_131.mtx; Matrix; Coordinate; General; 434; 434; 4710; Real; -0.177; 0.254143; 2; 2; 4; 37680; 29130; 29130; 10290; 29130; 29130; 10290
0; ibm32.mtx; Matrix; Coordinate; General; 32; 32; 126; Pattern; 1; 1; 2; 2; 2; 756; 570; 570; 318; 570; 570; 318
0; id2010.mtx; Matrix; Coordinate; Symmetric; 149842; 149842; 364132; Integer; 22; 9.90461e+06; 4; 4; 4; 8739168; 6425484; 4684822; 3956558; 6425484; 4684822; 3956558
24; ifiss_mat.mtx; Matrix; Coordinate; General; 96307; 96307; 3599932; Real; -0.02377; 1.00028; 4; 4; 4; 43199184; 29184688; 21967662; 7567934; 29184688; 21967662; 7567934
0; IG5-10.mtx; Matrix; Coordinate; General; 652; 976; 10273; Integer; 1; 60; 2; 2; 4; 82184; 62944; 62944; 32125; 62696; 62696; 31877
0; IG5-6.mtx; Matrix; Coordinate; General; 30; 77; 251; Integer; 1; 12; 2; 2; 4; 2008; 1568; 1568; 815; 1596; 1596; 843
0; IG5-7.mtx; Matrix; Coordinate; General; 62; 150; 549; Integer; 1; 12; 2; 2; 4; 4392; 3420; 3420; 1773; 3448; 3448; 1801
0; IG5-8.mtx; Matrix; Coordinate; General; 156; 292; 1711; Integer; 1; 12; 2; 2; 4; 13688; 10580; 10580; 5447; 10586; 10586; 5453
0; IG5-9.mtx; Matrix; Coordinate; General; 342; 540; 4570; Integer; 1; 12; 2; 2; 4; 36560; 28106; 28106; 14396; 28044; 28044; 14334
10; imagesensor.mtx; Matrix; Coordinate; General; 118758; 118758; 1893170; Real; -9.17825e+18; 1.18164e+19; 4; 4; 4; 22718040; 15620396; 11813272; 3762336976; 15620396; 11813272; 3762336976
0; impcol_a.mtx; Matrix; Coordinate; General; 207; 207; 572; Real; -376; 680; 2; 2; 4; 4576; 3848; 3848; 2704; 3848; 3848; 2704
0; impcol_b.mtx; Matrix; Coordinate; General; 59; 59; 312; Real; -2.64056; 2.64056; 2; 2; 4; 2496; 1992; 1992; 1056; 1992; 1992; 1056
0; impcol_c.mtx; Matrix; Coordinate; General; 137; 137; 411; Real; -120; 10; 2; 2; 4; 3288; 2742; 2742; 1509; 2742; 2742; 1509
0; impcol_d.mtx; Matrix; Coordinate; General; 425; 425; 1339; Real; -10; 10; 2; 2; 4; 10712; 8886; 8886; 4869; 8886; 8886; 4869
0; impcol_e.mtx; Matrix; Coordinate; General; 225; 225; 1308; Real; -5000; 5000; 2; 2; 4; 10464; 8300; 8300; 5684; 8300; 8300; 5684
0; internet.mtx; Matrix; Coordinate; General; 124651; 124651; 207214; Integer; 1; 626826; 4; 4; 4; 2486568; 1951116; 1403918; 1196704; 2156316; 1511976; 1304762
0; jagmesh1.mtx; Matrix; Coordinate; Symmetric; 936; 936; 3600; Pattern; 1; 1; 2; 2; 2; 43200; 30674; 30674; 16274; 30674; 30674; 16274
0; jazz.mtx; Matrix; Coordinate; Symmetric; 198; 198; 2742; Integer; 2; 2; 2; 2; 4; 43872; 33302; 33302; 16850; 33302; 33302; 16850
0; jgl009.mtx; Matrix; Coordinate; General; 9; 9; 50; Pattern; 1; 1; 2; 2; 2; 300; 220; 220; 120; 220; 220; 120
0; jgl011.mtx; Matrix; Coordinate; General; 11; 11; 76; Pattern; 1; 1; 2; 2; 2; 456; 328; 328; 176; 328; 328; 176
0; Journals.mtx; Matrix; Coordinate; Symmetric; 124; 124; 6096; Integer; 1; 31997; 2; 2; 4; 97536; 72658; 72658; 48522; 72658; 72658; 48522
95; JP.mtx; Matrix; Coordinate; General; 87616; 67320; 13734559; Real; 1.00039e-16; 227.447; 4; 4; 4; 164814708; 110226940; 82627448; 41423771; 109992960; 82514562; 41310885
0; jpwh_991.mtx; Matrix; Coordinate; General; 991; 991; 6027; Integer; -15; 1; 2; 2; 4; 48216; 38146; 38146; 14038; 38146; 38146; 14038
1; k1_san.mtx; Matrix; Coordinate; Symmetric; 67759; 67759; 303364; Real; -7.85481; 131.387; 4; 4; 4; 7280736; 4749228; 3503774; 1824452; 4749228; 3503774; 1824452
0; karate.mtx; Matrix; Coordinate; Symmetric; 34; 34; 78; Pattern; 1; 1; 2; 2; 2; 936; 694; 694; 382; 694; 694; 382
0; kleemin.mtx; Matrix; Coordinate; General; 8; 16; 44; Integer; 1; 2e+07; 2; 2; 4; 352; 282; 282; 282; 298; 298; 298
0; klein-b1.mtx; Matrix; Coordinate; General; 30; 10; 60; Integer; -1; 1; 2; 2; 4; 480; 422; 422; 182; 382; 382; 142
0; klein-b2.mtx; Matrix; Coordinate; General; 20; 30; 60; Integer; -1; 1; 2; 2; 4; 480; 402; 402; 162; 422; 422; 182
0; kneser_6_2_1.mtx; Matrix; Coordinate; General; 601; 676; 2027; Pattern; 1; 1; 2; 2; 2; 12162; 9312; 9312; 5258; 9462; 9462; 5408
5; kron_g500-logn16.mtx; Matrix; Coordinate; Symmetric; 65536; 65536; 2456398; Integer; 1; 407; 4; 4; 4; 58953552; 39521040; 29585938; 19761000; 39521040; 29585938; 19761000
12; kron_g500-logn17.mtx; Matrix; Coordinate; Symmetric; 131072; 131072; 5114375; Integer; 1; 418; 4; 4; 4; 122745000; 82258520; 61761348; 41304628; 82258520; 61761348; 41304628
1; ky2010.mtx; Matrix; Coordinate; Symmetric; 161672; 161672; 393889; Integer; 9; 3.21509e+06; 4; 4; 4; 9453336; 6948916; 5070428; 4282650; 6948916; 5070428; 4282650
0; L.mtx; Matrix; Coordinate; Symmetric; 956; 956; 1820; Pattern; 1; 1; 2; 2; 2; 21840; 16474; 16474; 9194; 16474; 16474; 9194
25; laminar_duct3D.mtx; Matrix; Coordinate; General; 67173; 67173; 3833077; Real; -11.7453; 21.0695; 4; 4; 4; 45996924; 30933312; 23142356; 11643125; 30933312; 23152942; 11653711
0; lap_25.mtx; Matrix; Coordinate; Symmetric; 25; 25; 97; Pattern; 1; 1; 2; 2; 2; 1164; 828; 828; 440; 828; 828; 440
4; LeGresley_87936.mtx; Matrix; Coordinate; General; 87936; 87936; 593276; Real; -105519; 105480; 4; 4; 4; 7119312; 5097956; 3823510; 3230234; 5097956; 3826134; 3232858
0; lesmis.mtx; Matrix; Coordinate; Symmetric; 77; 77; 254; Integer; 1; 31; 2; 2; 4; 4064; 3204; 3204; 1680; 3204; 3204; 1680
0; LF10.mtx; Matrix; Coordinate; Symmetric; 18; 18; 50; Real; -85887.9; 171776; 2; 2; 4; 800; 530; 530; 448; 530; 530; 448
0; LFAT5.mtx; Matrix; Coordinate; Symmetric; 14; 14; 30; Real; -6.2832e+06; 1.25664e+07; 2; 2; 4; 480; 306; 306; 260; 306; 306; 260
9; lhr71.mtx; Matrix; Coordinate; General; 70304; 70304; 1528092; Real; -1; 1; 4; 4; 4; 18337104; 12505956; 9328172; 3215804; 12505956; 9309734; 3197366
8; lhr71c.mtx; Matrix; Coordinate; General; 70304; 70304; 1528092; Real; -1.001; 1.001; 4; 4; 4; 18337104; 12505956; 9328172; 3215804; 12505956; 9309734; 3197366
0; lnsp_131.mtx; Matrix; Coordinate; General; 131; 131; 536; Real; -6.31638e+09; 6.31638e+09; 2; 2; 4; 4288; 3480; 3480; 3480; 3480; 3480; 3480
0; lnsp_511.mtx; Matrix; Coordinate; General; 511; 511; 2796; Real; -2.83106e+10; 2.83106e+10; 2; 2; 4; 22368; 17800; 17800; 17800; 17800; 17800; 17800
0; lns_131.mtx; Matrix; Coordinate; General; 131; 131; 536; Real; -6.31638e+09; 6.31638e+09; 2; 2; 4; 4288; 3480; 3480; 3480; 3480; 3480; 3480
0; lns_511.mtx; Matrix; Coordinate; General; 511; 511; 2796; Real; -2.83106e+10; 2.83106e+10; 2; 2; 4; 22368; 17800; 17800; 17800; 17800; 17800; 17800
0; lock_700.mtx; Matrix; Coordinate; Symmetric; 700; 700; 11433; Pattern; 1; 1; 2; 2; 2; 137196; 92848; 92848; 47116; 92848; 92848; 47116
0; lop163.mtx; Matrix; Coordinate; General; 163; 163; 935; Real; 1e-12; 0.957143; 2; 2; 4; 7480; 5938; 5938; 2198; 5938; 5938; 2198
0; lowThrust_1.mtx; Matrix; Coordinate; Symmetric; 584; 584; 3314; Real; -4.27429; 225.146; 2; 2; 4; 53024; 37964; 37964; 19565; 37964; 37964; 19565
0; lpi_bgdbg1.mtx; Matrix; Coordinate; General; 348; 629; 1662; Real; -1; 7; 2; 2; 4; 13296; 10670; 10670; 5684; 11232; 11232; 6246
0; lpi_bgetam.mtx; Matrix; Coordinate; General; 400; 816; 2537; Real; -1000; 2000; 2; 2; 4; 20296; 16024; 16024; 10950; 16856; 16856; 11782
0; lpi_bgprtr.mtx; Matrix; Coordinate; General; 20; 40; 70; Integer; -1; 900; 2; 2; 4; 560; 462; 462; 322; 502; 502; 362
0; lpi_box1.mtx; Matrix; Coordinate; General; 231; 261; 651; Integer; -1; 1; 2; 2; 4; 5208; 4370; 4370; 1766; 4430; 4430; 1826
0; lpi_chemcom.mtx; Matrix; Coordinate; General; 288; 744; 1590; Real; -1; 1; 2; 2; 4; 12720; 10118; 10118; 3758; 11030; 11030; 4670
0; lpi_cplex2.mtx; Matrix; Coordinate; General; 224; 378; 1215; Real; -1; 1; 2; 2; 4; 9720; 7740; 7740; 2880; 8048; 8048; 3188
0; lpi_ex72a.mtx; Matrix; Coordinate; General; 197; 215; 467; Integer; -1; 1; 2; 2; 4; 3736; 3198; 3198; 1330; 3234; 3234; 1366
0; lpi_ex73a.mtx; Matrix; Coordinate; General; 193; 211; 457; Integer; -1; 1; 2; 2; 4; 3656; 3130; 3130; 1302; 3166; 3166; 1338
0; lpi_forest6.mtx; Matrix; Coordinate; General; 66; 131; 246; Real; -1; 1; 2; 2; 4; 1968; 1610; 1610; 626; 1740; 1740; 756
0; lpi_galenet.mtx; Matrix; Coordinate; General; 8; 14; 22; Integer; -1; 1; 2; 2; 4; 176; 150; 150; 62; 162; 162; 74
0; lpi_itest2.mtx; Matrix; Coordinate; General; 9; 13; 26; Real; -1; 3; 2; 2; 4; 208; 176; 176; 98; 184; 184; 106
0; lpi_itest6.mtx; Matrix; Coordinate; General; 11; 17; 29; Real; -3; 2; 2; 2; 4; 232; 198; 198; 111; 210; 210; 123
0; lpi_klein1.mtx; Matrix; Coordinate; General; 54; 108; 750; Integer; -2000; 2000; 2; 2; 4; 6000; 4610; 4610; 3110; 4718; 4718; 3218
0; lpi_klein2.mtx; Matrix; Coordinate; General; 477; 531; 5062; Integer; -2000; 1000; 2; 2; 4; 40496; 31328; 31328; 21204; 31436; 31436; 21312
0; lpi_mondou2.mtx; Matrix; Coordinate; General; 312; 604; 1208; Integer; -1; 1; 2; 2; 4; 9664; 7874; 7874; 3042; 8458; 8458; 3626
0; lpi_pang.mtx; Matrix; Coordinate; General; 361; 741; 2933; Real; -100; 99999; 2; 2; 4; 23464; 18322; 18322; 15389; 19082; 19082; 16149
0; lpi_qual.mtx; Matrix; Coordinate; General; 323; 464; 1646; Real; -2282.11; 10080; 2; 2; 4; 13168; 10524; 10524; 7232; 10806; 10806; 7514
0; lpi_reactor.mtx; Matrix; Coordinate; General; 318; 808; 2591; Real; -20000; 1; 2; 2; 4; 20728; 16184; 16184; 5820; 17164; 17164; 6800
0; lpi_refinery.mtx; Matrix; Coordinate; General; 323; 464; 1626; Real; -2400; 10080; 2; 2; 4; 13008; 10404; 10404; 7152; 10686; 10686; 7434
0; lpi_vol1.mtx; Matrix; Coordinate; General; 323; 464; 1646; Real; -2282.11; 10080; 2; 2; 4; 13168; 10524; 10524; 7232; 10806; 10806; 7514
0; lpi_woodinfe.mtx; Matrix; Coordinate; General; 35; 89; 140; Integer; -1; 1; 2; 2; 4; 1120; 912; 912; 352; 1020; 1020; 460
0; lp_adlittle.mtx; Matrix; Coordinate; General; 56; 138; 424; Real; -64.3; 55; 2; 2; 4; 3392; 2658; 2658; 1386; 2822; 2822; 1550
0; lp_afiro.mtx; Matrix; Coordinate; General; 27; 51; 102; Real; -1.06; 2.429; 2; 2; 4; 816; 668; 668; 362; 716; 716; 410
0; lp_agg.mtx; Matrix; Coordinate; General; 488; 615; 2862; Real; -2.43911; 424; 2; 2; 4; 22896; 18150; 18150; 12426; 18404; 18404; 12680
0; lp_agg2.mtx; Matrix; Coordinate; General; 516; 758; 4740; Real; -2.43911; 424; 2; 2; 4; 37920; 29474; 29474; 19994; 29958; 29958; 20478
0; lp_agg3.mtx; Matrix; Coordinate; General; 516; 758; 4756; Real; -2.43911; 424; 2; 2; 4; 38048; 29570; 29570; 20058; 30054; 30054; 20542
0; lp_bandm.mtx; Matrix; Coordinate; General; 305; 472; 2494; Real; -104; 200; 2; 2; 4; 19952; 15576; 15576; 8094; 15910; 15910; 8428
0; lp_beaconfd.mtx; Matrix; Coordinate; General; 173; 295; 3408; Real; -100; 500; 2; 2; 4; 27264; 20796; 20796; 13980; 21040; 21040; 14224
0; lp_blend.mtx; Matrix; Coordinate; General; 74; 114; 522; Real; -14; 66; 2; 2; 4; 4176; 3282; 3282; 1716; 3362; 3362; 1796
0; lp_bore3d.mtx; Matrix; Coordinate; General; 233; 334; 1448; Real; -1426.9; 90.9; 2; 2; 4; 11584; 9156; 9156; 4812; 9358; 9358; 5014
0; lp_brandy.mtx; Matrix; Coordinate; General; 220; 303; 2202; Real; -60; 203.7; 2; 2; 4; 17616; 13600; 13600; 6994; 13820; 13820; 7214
0; lp_capri.mtx; Matrix; Coordinate; General; 271; 482; 1896; Real; -17.0784; 217.745; 2; 2; 4; 15168; 11920; 11920; 6232; 12342; 12342; 6654
0; lp_degen2.mtx; Matrix; Coordinate; General; 444; 757; 4201; Integer; -1; 1; 2; 2; 4; 33608; 26096; 26096; 9292; 26722; 26722; 9918
0; lp_e226.mtx; Matrix; Coordinate; General; 223; 472; 2768; Real; -1486.2; 771; 2; 2; 4; 22144; 17056; 17056; 11520; 17554; 17554; 12018
0; lp_etamacro.mtx; Matrix; Coordinate; General; 400; 816; 2537; Real; -1000; 2000; 2; 2; 4; 20296; 16024; 16024; 10950; 16856; 16856; 11782
0; lp_grow15.mtx; Matrix; Coordinate; General; 300; 645; 5620; Real; -1; 1; 2; 2; 4; 44960; 34322; 34322; 11842; 35012; 35012; 12532
0; lp_grow22.mtx; Matrix; Coordinate; General; 440; 946; 8252; Real; -1; 1; 2; 2; 4; 66016; 50394; 50394; 17386; 51406; 51406; 18398
0; lp_grow7.mtx; Matrix; Coordinate; General; 140; 301; 2612; Real; -1; 1; 2; 2; 4; 20896; 15954; 15954; 5506; 16276; 16276; 5828
0; lp_israel.mtx; Matrix; Coordinate; General; 174; 316; 2443; Real; -1600; 1600; 2; 2; 4; 19544; 15008; 15008; 10122; 15292; 15292; 10406
0; lp_kb2.mtx; Matrix; Coordinate; General; 43; 68; 313; Real; -107.52; 113; 2; 2; 4; 2504; 1966; 1966; 1027; 2016; 2016; 1077
0; lp_ken_18.mtx; Matrix; Coordinate; General; 105127; 154699; 358171; Integer; -1; 1; 4; 4; 4; 4298052; 3285880; 2437898; 1005214; 3484168; 2519770; 1087086
0; lp_lotfi.mtx; Matrix; Coordinate; General; 153; 366; 1136; Real; -475; 1000; 2; 2; 4; 9088; 7124; 7124; 4852; 7550; 7550; 5278
0; lp_nug05.mtx; Matrix; Coordinate; General; 210; 225; 1050; Integer; -1; 1; 2; 2; 4; 8400; 6722; 6722; 2522; 6752; 6752; 2552
0; lp_nug06.mtx; Matrix; Coordinate; General; 372; 486; 2232; Integer; -1; 1; 2; 2; 4; 17856; 14138; 14138; 5210; 14366; 14366; 5438
0; lp_nug07.mtx; Matrix; Coordinate; General; 602; 931; 4214; Integer; -1; 1; 2; 2; 4; 33712; 26490; 26490; 9634; 27148; 27148; 10292
0; lp_recipe.mtx; Matrix; Coordinate; General; 91; 204; 687; Real; -93; 145; 2; 2; 4; 5496; 4306; 4306; 2245; 4532; 4532; 2471
0; lp_sc105.mtx; Matrix; Coordinate; General; 105; 163; 340; Real; -1; 2; 2; 2; 4; 2720; 2252; 2252; 1232; 2368; 2368; 1348
0; lp_sc205.mtx; Matrix; Coordinate; General; 205; 317; 665; Real; -1; 2; 2; 2; 4; 5320; 4402; 4402; 2407; 4626; 4626; 2631
0; lp_sc50a.mtx; Matrix; Coordinate; General; 50; 78; 160; Real; -1; 2; 2; 2; 4; 1280; 1062; 1062; 582; 1118; 1118; 638
0; lp_sc50b.mtx; Matrix; Coordinate; General; 50; 78; 148; Real; -1; 3; 2; 2; 4; 1184; 990; 990; 546; 1046; 1046; 602
0; lp_scagr25.mtx; Matrix; Coordinate; General; 471; 671; 1725; Real; -9.32; 1.5; 2; 2; 4; 13800; 11294; 11294; 4394; 11694; 11694; 4794
0; lp_scagr7.mtx; Matrix; Coordinate; General; 129; 185; 465; Real; -9.32; 1.5; 2; 2; 4; 3720; 3050; 3050; 1190; 3162; 3162; 1302
0; lp_scfxm1.mtx; Matrix; Coordinate; General; 330; 600; 2732; Real; -130; 99; 2; 2; 4; 21856; 17054; 17054; 8858; 17594; 17594; 9398
0; lp_scorpion.mtx; Matrix; Coordinate; General; 388; 466; 1534; Real; -1; 1; 2; 2; 4; 12272; 9982; 9982; 3846; 10138; 10138; 4002
0; lp_scsd1.mtx; Matrix; Coordinate; General; 77; 760; 2388; Real; -1; 1; 2; 2; 4; 19104; 14484; 14484; 4932; 15850; 15850; 6298
0; lp_sctap1.mtx; Matrix; Coordinate; General; 300; 660; 1872; Integer; -33; 80; 2; 2; 4; 14976; 11834; 11834; 6218; 12554; 12554; 6938
0; lp_share1b.mtx; Matrix; Coordinate; General; 117; 253; 1179; Real; -479.56; 1322.23; 2; 2; 4; 9432; 7310; 7310; 4952; 7582; 7582; 5224
0; lp_share2b.mtx; Matrix; Coordinate; General; 96; 162; 777; Real; -103; 101; 2; 2; 4; 6216; 4856; 4856; 2525; 4988; 4988; 2657
0; lp_stair.mtx; Matrix; Coordinate; General; 356; 614; 4003; Real; -3; 9.85263; 2; 2; 4; 32024; 24732; 24732; 12723; 25248; 25248; 13239
0; lp_stocfor1.mtx; Matrix; Coordinate; General; 117; 165; 501; Real; -1; 336.6; 2; 2; 4; 4008; 3242; 3242; 2240; 3338; 3338; 2336
0; lp_tuff.mtx; Matrix; Coordinate; General; 333; 628; 4561; Real; -240; 10000; 2; 2; 4; 36488; 27972; 27972; 18850; 28624; 28624; 19502
0; lp_vtp_base.mtx; Matrix; Coordinate; General; 198; 346; 1051; Real; -300; 4000; 2; 2; 4; 8408; 6704; 6704; 4602; 7000; 7000; 4898
0; lshp_265.mtx; Matrix; Coordinate; Symmetric; 265; 265; 1009; Pattern; 1; 1; 2; 2; 2; 12108; 8604; 8604; 4568; 8604; 8604; 4568
0; lshp_406.mtx; Matrix; Coordinate; Symmetric; 406; 406; 1561; Pattern; 1; 1; 2; 2; 2; 18732; 13302; 13302; 7058; 13302; 13302; 7058
0; lshp_577.mtx; Matrix; Coordinate; Symmetric; 577; 577; 2233; Pattern; 1; 1; 2; 2; 2; 26796; 19020; 19020; 10088; 19020; 19020; 10088
0; lshp_778.mtx; Matrix; Coordinate; Symmetric; 778; 778; 3025; Pattern; 1; 1; 2; 2; 2; 36300; 25758; 25758; 13658; 25758; 25758; 13658
0; lund_a.mtx; Matrix; Coordinate; Symmetric; 147; 147; 1298; Real; -1.21795e+07; 1.5e+08; 2; 2; 4; 20768; 14990; 14990; 14990; 14990; 14990; 14990
0; lund_b.mtx; Matrix; Coordinate; Symmetric; 147; 147; 1294; Real; -714.286; 3775.51; 2; 2; 4; 20704; 14942; 14942; 10060; 14942; 14942; 10060
3; lung2.mtx; Matrix; Coordinate; General; 109460; 109460; 492564; Real; -248.922; 262.578; 4; 4; 4; 5910768; 4378356; 3175140; 2190012; 4378356; 3175136; 2190008
0; luxembourg_osm.mtx; Matrix; Coordinate; Symmetric; 114599; 114599; 119666; Pattern; 1; 1; 4; 4; 2; 2393320; 1894392; 1204800; 726136; 1894392; 1204800; 726136
0; M10PI_n.mtx; Matrix; Coordinate; General; 682; 682; 1633; Real; -66.7931; 1.0305; 2; 2; 4; 13064; 11164; 11164; 4632; 11164; 11164; 4632
0; M10PI_n1.mtx; Matrix; Coordinate; General; 528; 528; 1317; Real; -2.93035; 1.0305; 2; 2; 4; 10536; 8958; 8958; 3690; 8958; 8958; 3690
0; ma2010.mtx; Matrix; Coordinate; Symmetric; 157508; 157508; 388305; Integer; 39; 7.01832e+06; 4; 4; 4; 9319320; 6842916; 4994972; 4218362; 6842916; 4994972; 4218362
9; majorbasis.mtx; Matrix; Coordinate; General; 160000; 160000; 1750416; Real; -41.0564; 99.9605; 4; 4; 4; 21004992; 14643332; 11316910; 6065662; 14643332; 11259854; 6008606
0; Maragal_1.mtx; Matrix; Coordinate; General; 32; 14; 234; Real; -1.65679; 1.94681; 2; 2; 4; 1872; 1470; 1470; 534; 1434; 1434; 498
0; Maragal_2.mtx; Matrix; Coordinate; General; 555; 350; 4357; Real; -2.61698; 2.11915; 2; 2; 4; 34856; 27216; 27216; 14145; 26664; 26664; 13593
14; matrix-new_3.mtx; Matrix; Coordinate; General; 125329; 125329; 2678750; Real; -1; 1; 4; 4; 4; 32145000; 21931320; 16343376; 5628376; 21931320; 16371310; 5656310
11; matrix_9.mtx; Matrix; Coordinate; General; 103430; 103430; 2121550; Real; -1; 1; 4; 4; 4; 25458600; 17386124; 12953702; 4467502; 17386124; 12961752; 4475552
0; mbeacxc.mtx; Matrix; Coordinate; General; 496; 496; 49920; Real; -0.0248691; 0.74266; 2; 2; 4; 399360; 300418; 300418; 100738; 300492; 300492; 100812
0; mbeaflw.mtx; Matrix; Coordinate; General; 496; 496; 49920; Real; -3.8; 15490.2; 2; 2; 4; 399360; 300418; 300418; 200578; 300492; 300492; 200652
0; mbeause.mtx; Matrix; Coordinate; General; 496; 496; 41063; Real; -3.9; 18108.6; 2; 2; 4; 328504; 247276; 247276; 165150; 247360; 247360; 165234
0; mcca.mtx; Matrix; Coordinate; General; 180; 180; 2659; Real; -1.54994e+19; 9.31139e+18; 2; 2; 4; 21272; 16316; 16316; 3489666608; 16316; 16316; 3489666608
0; mcfe.mtx; Matrix; Coordinate; General; 765; 765; 24382; Real; -1.23853e+17; 3.15284e+16; 2; 2; 4; 195056; 147824; 147824; 147824; 147824; 147824; 147824
0; md2010.mtx; Matrix; Coordinate; Symmetric; 145247; 145247; 350189; Integer; 9; 3.37338e+06; 4; 4; 4; 8404536; 6184016; 4502062; 3801684; 6184016; 4502062; 3801684
0; me2010.mtx; Matrix; Coordinate; Symmetric; 69518; 69518; 167738; Integer; 80; 6.1213e+06; 4; 4; 4; 4025712; 2961884; 2162306; 1826830; 2961884; 2162306; 1826830
0; mesh1e1.mtx; Matrix; Coordinate; Symmetric; 48; 48; 177; Real; -0.405002; 5.96844; 2; 2; 4; 2832; 1934; 1934; 1016; 1934; 1934; 1016
0; mesh1em1.mtx; Matrix; Coordinate; Symmetric; 48; 48; 177; Real; -9.92783; 22.3193; 2; 2; 4; 2832; 1934; 1934; 1016; 1934; 1934; 1016
0; mesh1em6.mtx; Matrix; Coordinate; Symmetric; 48; 48; 177; Real; -0.523367; 5.29145; 2; 2; 4; 2832; 1934; 1934; 1016; 1934; 1934; 1016
0; mesh2e1.mtx; Matrix; Coordinate; Symmetric; 306; 306; 1162; Real; -1.22321; 246.35; 2; 2; 4; 18592; 12722; 12722; 6668; 12722; 12722; 6668
0; mesh2em5.mtx; Matrix; Coordinate; Symmetric; 306; 306; 1162; Real; -0.759954; 146.824; 2; 2; 4; 18592; 12722; 12722; 6668; 12722; 12722; 6668
0; mesh3e1.mtx; Matrix; Coordinate; Symmetric; 289; 289; 1089; Real; 0; 5; 2; 2; 4; 17424; 11914; 11914; 6247; 11914; 11914; 6247
0; mesh3em5.mtx; Matrix; Coordinate; Symmetric; 289; 289; 1089; Real; 0; 3; 2; 2; 4; 17424; 11914; 11914; 6247; 11914; 11914; 6247
0; mhda416.mtx; Matrix; Coordinate; General; 416; 416; 8562; Real; -508.165; 2383.29; 2; 2; 4; 68496; 52206; 52206; 35082; 52206; 52206; 35082
0; mhdb416.mtx; Matrix; Coordinate; Symmetric; 416; 416; 1364; Real; -0.166668; 1.66667; 2; 2; 4; 21824; 14706; 14706; 5458; 14706; 14706; 5458
0; mk10-b1.mtx; Matrix; Coordinate; General; 630; 45; 1260; Integer; -1; 1; 2; 2; 4; 10080; 8822; 8822; 3782; 7652; 7652; 2612
0; mk11-b1.mtx; Matrix; Coordinate; General; 990; 55; 1980; Integer; -1; 1; 2; 2; 4; 15840; 13862; 13862; 5942; 11992; 11992; 4072
0; mk9-b1.mtx; Matrix; Coordinate; General; 378; 36; 756; Integer; -1; 1; 2; 2; 4; 6048; 5294; 5294; 2270; 4610; 4610; 1586
0; model1.mtx; Matrix; Coordinate; General; 362; 798; 3028; Real; -1; 3; 2; 2; 4; 24224; 18894; 18894; 9810; 19766; 19766; 10682
4; mri1.mtx; Matrix; Coordinate; General; 65536; 147456; 589824; Real; 0.0066227; 1; 4; 4; 4; 7077888; 4980740; 3671522; 1312226; 5177148; 3768252; 1408956
0; msc00726.mtx; Matrix; Coordinate; Symmetric; 726; 726; 17622; Real; -2.95379e+08; 1.62255e+09; 2; 2; 4; 281952; 208562; 208562; 208562; 208562; 208562; 208562
0; mt2010.mtx; Matrix; Coordinate; Symmetric; 132288; 132288; 319334; Integer; 19; 4.60863e+07; 4; 4; 4; 7664016; 5638500; 4117960; 4117960; 5638500; 4117960; 4117960
0; mycielskian10.mtx; Matrix; Coordinate; Symmetric; 767; 767; 22196; Pattern; 1; 1; 2; 2; 2; 266352; 179104; 179104; 90320; 179104; 179104; 90320
