File; Object; Format; Symmetry; Rows; Columns; NonzeroEntries; FieldType; MinValue; MaxValue; Coordinate_RIB; Coordinate_CIB; Coordinate_VB; Coordinate_Bytes; CSR_Bytes; SCSR_Bytes; SCSR+_Bytes
08blocks.mtx; Matrix; Coordinate; General; 300; 300; 592; Integer; 1; 100; 2; 2; 4; 4736; 4154; 4154; 2378
130bit.mtx; Matrix; Coordinate; General; 584; 575; 6120; Pattern; 1; 1; 2; 2; 2; 36720; 25650; 25650; 13410
144.mtx; Matrix; Coordinate; Symmetric; 144649; 144649; 1074393; Pattern; 1; 1; 4; 4; 2; 21487860; 13471316; 9160150; 4862578
2cubes_sphere.mtx; Matrix; Coordinate; Symmetric; 101492; 101492; 874378; Real; -3.92893e+09; 2.52063e+10; 4; 4; 4; 20985072; 13584084; 10110104; 10110104
494_bus.mtx; Matrix; Coordinate; Symmetric; 494; 494; 1080; Real; -10000; 20007.7; 2; 2; 4; 17280; 10986; 10986; 7654
598a.mtx; Matrix; Coordinate; Symmetric; 110971; 110971; 741934; Pattern; 1; 1; 4; 4; 2; 14838680; 9347096; 6378860; 3411124
662_bus.mtx; Matrix; Coordinate; Symmetric; 662; 662; 1568; Real; -2000; 2016.13; 2; 2; 4; 25088; 16170; 16170; 11222
685_bus.mtx; Matrix; Coordinate; Symmetric; 685; 685; 1967; Real; -10000; 26185.5; 2; 2; 4; 31472; 20866; 20866; 14368
a0nsdsil.mtx; Matrix; Coordinate; Symmetric; 80016; 80016; 200021; Real; -9.99829; 9.99978; 4; 4; 4; 4800504; 3160340; 2387140; 1322038
a2nnsnsl.mtx; Matrix; Coordinate; Symmetric; 80016; 80016; 196115; Real; -9.99959; 1; 4; 4; 4; 4706760; 3097844; 2338486; 949598
abb313.mtx; Matrix; Coordinate; General; 313; 176; 1557; Pattern; 1; 1; 2; 2; 2; 9342; 6856; 6856; 3742
ACTIVSg70K.mtx; Matrix; Coordinate; Symmetric; 69999; 69999; 154313; Real; -100103; 100000; 4; 4; 4; 3703512; 2189016; 1573206; 1334579
adjnoun.mtx; Matrix; Coordinate; Symmetric; 112; 112; 425; Pattern; 1; 1; 2; 2; 2; 5100; 3626; 3626; 1926
apache1.mtx; Matrix; Coordinate; Symmetric; 80800; 80800; 311492; Real; -90000; 180016; 4; 4; 4; 7475808; 4660676; 3417948; 2875764
arc130.mtx; Matrix; Coordinate; General; 130; 130; 1282; Real; -105156; 10.5206; 2; 2; 4; 10256; 7954; 7954; 4108
ash219.mtx; Matrix; Coordinate; General; 219; 85; 438; Pattern; 1; 1; 2; 2; 2; 2628; 2192; 2192; 1316
ash292.mtx; Matrix; Coordinate; Symmetric; 292; 292; 1250; Pattern; 1; 1; 2; 2; 2; 15000; 10586; 10586; 5586
ash331.mtx; Matrix; Coordinate; General; 331; 104; 662; Pattern; 1; 1; 2; 2; 2; 3972; 3312; 3312; 1988
ash608.mtx; Matrix; Coordinate; General; 608; 188; 1216; Pattern; 1; 1; 2; 2; 2; 7296; 6082; 6082; 3650
ash85.mtx; Matrix; Coordinate; Symmetric; 85; 85; 304; Pattern; 1; 1; 2; 2; 2; 3648; 2604; 2604; 1388
ash958.mtx; Matrix; Coordinate; General; 958; 292; 1916; Pattern; 1; 1; 2; 2; 2; 11496; 9582; 9582; 5750
ASIC_100k.mtx; Matrix; Coordinate; General; 99340; 99340; 954163; Real; -1e+06; 1e+06; 4; 4; 4; 11449956; 8030668; 6019460; 5065297
ASIC_100ks.mtx; Matrix; Coordinate; General; 99190; 99190; 578890; Real; -1e+06; 1e+06; 4; 4; 4; 6946680; 5027884; 3682182; 3103292
b1_ss.mtx; Matrix; Coordinate; General; 7; 7; 15; Real; -1; 1; 2; 2; 4; 120; 106; 106; 46
barrier2-1.mtx; Matrix; Coordinate; General; 113076; 113076; 3805068; Real; -7.11628e+11; 5.50144e+11; 4; 4; 4; 45660816; 30892852; 23282728; 23282728
barrier2-10.mtx; Matrix; Coordinate; General; 115625; 115625; 3897557; Real; -7.11628e+11; 6.9897e+11; 4; 4; 4; 46770684; 31642960; 23847858; 23847858
barrier2-11.mtx; Matrix; Coordinate; General; 115625; 115625; 3897557; Real; -7.11628e+11; 6.9897e+11; 4; 4; 4; 46770684; 31642960; 23847858; 23847858
barrier2-12.mtx; Matrix; Coordinate; General; 115625; 115625; 3897557; Real; -7.11628e+11; 6.9897e+11; 4; 4; 4; 46770684; 31642960; 23847858; 23847858
barrier2-2.mtx; Matrix; Coordinate; General; 113076; 113076; 3805068; Real; -7.11628e+11; 5.50144e+11; 4; 4; 4; 45660816; 30892852; 23282728; 23282728
barrier2-3.mtx; Matrix; Coordinate; General; 113076; 113076; 3805068; Real; -7.11628e+11; 5.50144e+11; 4; 4; 4; 45660816; 30892852; 23282728; 23282728
barrier2-4.mtx; Matrix; Coordinate; General; 113076; 113076; 3805068; Real; -7.11628e+11; 5.50144e+11; 4; 4; 4; 45660816; 30892852; 23282728; 23282728
barrier2-9.mtx; Matrix; Coordinate; General; 115625; 115625; 3897557; Real; -7.11628e+11; 6.9897e+11; 4; 4; 4; 46770684; 31642960; 23847858; 23847858
Baumann.mtx; Matrix; Coordinate; General; 112211; 112211; 760631; Real; -12500; 12948.4; 4; 4; 4; 9127572; 6533896; 4792666; 3271404
bcircuit.mtx; Matrix; Coordinate; General; 68902; 68902; 375558; Real; -5257.81; 44661.5; 4; 4; 4; 4506696; 3280076; 2403122; 1652006
bcspwr01.mtx; Matrix; Coordinate; Symmetric; 39; 39; 85; Pattern; 1; 1; 2; 2; 2; 1020; 760; 760; 420
bcspwr02.mtx; Matrix; Coordinate; Symmetric; 49; 49; 108; Pattern; 1; 1; 2; 2; 2; 1296; 964; 964; 532
bcspwr03.mtx; Matrix; Coordinate; Symmetric; 118; 118; 297; Pattern; 1; 1; 2; 2; 2; 3564; 2614; 2614; 1426
bcspwr04.mtx; Matrix; Coordinate; Symmetric; 274; 274; 943; Pattern; 1; 1; 2; 2; 2; 11316; 8094; 8094; 4322
bcspwr05.mtx; Matrix; Coordinate; Symmetric; 443; 443; 1033; Pattern; 1; 1; 2; 2; 2; 12396; 9152; 9152; 5020
bcsstk01.mtx; Matrix; Coordinate; Symmetric; 48; 48; 224; Real; -1.0978e+08; 2.47239e+09; 2; 2; 4; 3584; 2498; 2498; 2498
bcsstk02.mtx; Matrix; Coordinate; Symmetric; 66; 66; 2211; Real; -3897.62; 11761.3; 2; 2; 4; 35376; 26270; 26270; 17558
bcsstk03.mtx; Matrix; Coordinate; Symmetric; 112; 112; 376; Real; -3.04149e+10; 1.71258e+11; 2; 2; 4; 6016; 4066; 4066; 4066
bcsstk04.mtx; Matrix; Coordinate; Symmetric; 132; 132; 1890; Real; -649218; 8.04211e+06; 2; 2; 4; 30240; 22154; 22154; 18506
bcsstk05.mtx; Matrix; Coordinate; Symmetric; 153; 153; 1288; Real; -1.43899e+06; 3.29908e+06; 2; 2; 4; 20608; 14846; 14846; 12423
bcsstk06.mtx; Matrix; Coordinate; Symmetric; 420; 420; 4140; Real; -2.38157e+07; 2.42137e+09; 2; 2; 4; 66240; 48002; 48002; 48002
bcsstk07.mtx; Matrix; Coordinate; Symmetric; 420; 420; 4140; Real; -2.38157e+07; 2.42137e+09; 2; 2; 4; 66240; 48002; 48002; 48002
bcsstk19.mtx; Matrix; Coordinate; Symmetric; 817; 817; 3835; Real; -7.99466e+12; 1.39889e+14; 2; 2; 4; 61360; 42754; 42754; 42754
bcsstk20.mtx; Matrix; Coordinate; Symmetric; 485; 485; 1810; Real; -2.69771e+14; 1.21231e+16; 2; 2; 4; 28960; 19782; 19782; 19782
bcsstk22.mtx; Matrix; Coordinate; Symmetric; 138; 138; 417; Real; -1.59957e+06; 4.59261e+06; 2; 2; 4; 6672; 4454; 4454; 3758
bcsstk34.mtx; Matrix; Coordinate; Symmetric; 588; 588; 11003; Real; -6.60513e+06; 1.3957e+07; 2; 2; 4; 176048; 129686; 129686; 108268
bcsstm01.mtx; Matrix; Coordinate; Symmetric; 48; 48; 48; Integer; 0; 200; 2; 2; 4; 768; 386; 386; 242
bcsstm02.mtx; Matrix; Coordinate; Symmetric; 66; 66; 66; Real; 0.0197469; 0.172829; 2; 2; 4; 1056; 530; 530; 266
bcsstm03.mtx; Matrix; Coordinate; Symmetric; 112; 112; 112; Real; 0; 5403.5; 2; 2; 4; 1792; 898; 898; 674
bcsstm04.mtx; Matrix; Coordinate; Symmetric; 132; 132; 132; Real; 0; 0.172829; 2; 2; 4; 2112; 1058; 1058; 530
bcsstm05.mtx; Matrix; Coordinate; Symmetric; 153; 153; 153; Real; 0.0730779; 0.927954; 2; 2; 4; 2448; 1226; 1226; 614
bcsstm06.mtx; Matrix; Coordinate; Symmetric; 420; 420; 420; Real; 0.00219908; 7602.41; 2; 2; 4; 6720; 3362; 3362; 2522
bcsstm07.mtx; Matrix; Coordinate; Symmetric; 420; 420; 3836; Real; -752.492; 1737.98; 2; 2; 4; 61376; 44354; 44354; 29850
bcsstm19.mtx; Matrix; Coordinate; Symmetric; 817; 817; 817; Real; 169.189; 3.95452e+07; 2; 2; 4; 13072; 6538; 6538; 6538
bcsstm20.mtx; Matrix; Coordinate; Symmetric; 485; 485; 485; Real; 187.154; 4.77956e+07; 2; 2; 4; 7760; 3882; 3882; 3882
bcsstm22.mtx; Matrix; Coordinate; Symmetric; 138; 138; 138; Real; 1.0345e-05; 0.00973767; 2; 2; 4; 2208; 1106; 1106; 554
bcsstm34.mtx; Matrix; Coordinate; Symmetric; 588; 588; 12429; Real; -2.3323; 5.08781; 2; 2; 4; 198864; 146798; 146798; 73988
beacxc.mtx; Matrix; Coordinate; General; 497; 506; 50409; Real; -0.0248691; 1; 2; 2; 4; 403272; 303354; 303354; 101718
beaflw.mtx; Matrix; Coordinate; General; 497; 507; 53403; Real; -15843.1; 131948; 2; 2; 4; 427224; 321404; 321404; 268001
beause.mtx; Matrix; Coordinate; General; 497; 507; 44551; Real; -15843.1; 131948; 2; 2; 4; 356408; 268292; 268292; 223741
bfwa398.mtx; Matrix; Coordinate; General; 398; 398; 3678; Real; -2.428; 6.29751; 2; 2; 4; 29424; 22866; 22866; 11832
bfwa62.mtx; Matrix; Coordinate; General; 62; 62; 450; Real; -2.47265; 6.11893; 2; 2; 4; 3600; 2826; 2826; 1476
bfwa782.mtx; Matrix; Coordinate; General; 782; 782; 7514; Real; -4.31804; 8.547; 2; 2; 4; 60112; 46650; 46650; 24108
bfwb398.mtx; Matrix; Coordinate; Symmetric; 398; 398; 1654; Real; -1.6e-05; 1e-06; 2; 2; 4; 26464; 18258; 18258; 6618
bfwb62.mtx; Matrix; Coordinate; Symmetric; 62; 62; 202; Real; -0.0001; 6.25e-06; 2; 2; 4; 3232; 2178; 2178; 810
bfwb782.mtx; Matrix; Coordinate; Symmetric; 782; 782; 3382; Real; -1.17552e-05; 7.34701e-07; 2; 2; 4; 54112; 37458; 37458; 13530
bibd_11_5.mtx; Matrix; Coordinate; General; 55; 462; 4620; Pattern; 1; 1; 2; 2; 2; 27720; 18592; 18592; 9352
bibd_12_4.mtx; Matrix; Coordinate; General; 66; 495; 2970; Pattern; 1; 1; 2; 2; 2; 17820; 12014; 12014; 6074
bibd_12_5.mtx; Matrix; Coordinate; General; 66; 792; 7920; Pattern; 1; 1; 2; 2; 2; 47520; 31814; 31814; 15974
bibd_15_3.mtx; Matrix; Coordinate; General; 105; 455; 1365; Pattern; 1; 1; 2; 2; 2; 8190; 5672; 5672; 2942
bibd_17_3.mtx; Matrix; Coordinate; General; 136; 680; 2040; Pattern; 1; 1; 2; 2; 2; 12240; 8434; 8434; 4354
bibd_9_3.mtx; Matrix; Coordinate; General; 36; 84; 252; Pattern; 1; 1; 2; 2; 2; 1512; 1082; 1082; 578
bibd_9_5.mtx; Matrix; Coordinate; General; 36; 126; 1260; Pattern; 1; 1; 2; 2; 2; 7560; 5114; 5114; 2594
bmw7st_1.mtx; Matrix; Coordinate; Symmetric; 141347; 141347; 3740507; Real; -1.10896e+13; 5.3258e+15; 4; 4; 4; 89772168; 59282728; 44386980; 44386980
bmwcra_1.mtx; Matrix; Coordinate; Symmetric; 148770; 148770; 5396386; Real; -5.37747e+06; 1.08608e+07; 4; 4; 4; 129513264; 85747100; 64218942; 53574940
boneS01.mtx; Matrix; Coordinate; Symmetric; 127224; 127224; 3421188; Real; -4273.5; 18803.4; 4; 4; 4; 82108512; 54230116; 40555832; 27125528
boyd1.mtx; Matrix; Coordinate; Symmetric; 93279; 93279; 652246; Real; -7.806e+08; 1.2065e+09; 4; 4; 4; 15653904; 10062968; 7585044; 7585044
bp_0.mtx; Matrix; Coordinate; General; 822; 822; 3276; Real; -206.9; 238.95; 2; 2; 4; 26208; 21302; 21302; 11474
bp_1000.mtx; Matrix; Coordinate; General; 822; 822; 4661; Real; -206.9; 238.95; 2; 2; 4; 37288; 29612; 29612; 15629
bp_1200.mtx; Matrix; Coordinate; General; 822; 822; 4726; Real; -206.9; 238.95; 2; 2; 4; 37808; 30002; 30002; 15824
bp_1400.mtx; Matrix; Coordinate; General; 822; 822; 4790; Real; -206.9; 238.95; 2; 2; 4; 38320; 30386; 30386; 16016
bp_1600.mtx; Matrix; Coordinate; General; 822; 822; 4841; Real; -206.9; 238.95; 2; 2; 4; 38728; 30692; 30692; 16169
bp_200.mtx; Matrix; Coordinate; General; 822; 822; 3802; Real; -206.9; 238.95; 2; 2; 4; 30416; 24458; 24458; 13052
bp_400.mtx; Matrix; Coordinate; General; 822; 822; 4028; Real; -155.16; 225.9; 2; 2; 4; 32224; 25814; 25814; 13730
bp_600.mtx; Matrix; Coordinate; General; 822; 822; 4172; Real; -206.9; 238.95; 2; 2; 4; 33376; 26678; 26678; 14162
bp_800.mtx; Matrix; Coordinate; General; 822; 822; 4534; Real; -206.9; 238.95; 2; 2; 4; 36272; 28850; 28850; 15248
bwm200.mtx; Matrix; Coordinate; General; 200; 200; 796; Real; -615.696; 310.073; 2; 2; 4; 6368; 5178; 5178; 3586
c-69.mtx; Matrix; Coordinate; Symmetric; 67458; 67458; 345714; Real; -24.4996; 395053; 4; 4; 4; 8297136; 5261596; 3895068; 3271098
c-70.mtx; Matrix; Coordinate; Symmetric; 68924; 68924; 363955; Real; -24.6143; 403225; 4; 4; 4; 8734920; 5547588; 4114056; 3455070
c-71.mtx; Matrix; Coordinate; Symmetric; 76638; 76638; 468096; Real; -31.5559; 52050.3; 4; 4; 4; 11234304; 7182988; 5376902; 3657794
c-72.mtx; Matrix; Coordinate; Symmetric; 84064; 84064; 395811; Real; -24.8682; 221623; 4; 4; 4; 9499464; 5996724; 4516272; 3808714
cage.mtx; Matrix; Coordinate; Symmetric; 366; 366; 2562; Pattern; 1; 1; 2; 2; 2; 30744; 21230; 21230; 10982
cage12.mtx; Matrix; Coordinate; General; 130228; 130228; 2032536; Real; 0.0125046; 0.924972; 4; 4; 4; 24390432; 16781204; 12556098; 4425954
cage3.mtx; Matrix; Coordinate; General; 5; 5; 19; Real; 0.0500184; 0.666667; 2; 2; 4; 152; 126; 126; 50
cage4.mtx; Matrix; Coordinate; General; 9; 9; 49; Real; 0.0375138; 0.75; 2; 2; 4; 392; 314; 314; 118
cage5.mtx; Matrix; Coordinate; General; 37; 37; 233; Real; 0.0300111; 0.819934; 2; 2; 4; 1864; 1474; 1474; 542
cage6.mtx; Matrix; Coordinate; General; 93; 93; 785; Real; 0.0250092; 0.849945; 2; 2; 4; 6280; 4898; 4898; 1758
cage7.mtx; Matrix; Coordinate; General; 340; 340; 3084; Real; 0.0214365; 0.871381; 2; 2; 4; 24672; 19186; 19186; 6850
CAG_mat364.mtx; Matrix; Coordinate; General; 364; 364; 13585; Integer; 1; 55; 2; 2; 4; 108680; 82240; 82240; 41485
CAG_mat72.mtx; Matrix; Coordinate; General; 72; 72; 1012; Integer; 1; 21; 2; 2; 4; 8096; 6218; 6218; 3182
can_144.mtx; Matrix; Coordinate; Symmetric; 144; 144; 720; Pattern; 1; 1; 2; 2; 2; 8640; 6050; 6050; 3170
can_161.mtx; Matrix; Coordinate; Symmetric; 161; 161; 769; Pattern; 1; 1; 2; 2; 2; 9228; 6476; 6476; 3400
can_187.mtx; Matrix; Coordinate; Symmetric; 187; 187; 839; Pattern; 1; 1; 2; 2; 2; 10068; 7088; 7088; 3732
can_229.mtx; Matrix; Coordinate; Symmetric; 229; 229; 1003; Pattern; 1; 1; 2; 2; 2; 12036; 8484; 8484; 4472
can_24.mtx; Matrix; Coordinate; Symmetric; 24; 24; 92; Pattern; 1; 1; 2; 2; 2; 1104; 786; 786; 418
can_256.mtx; Matrix; Coordinate; Symmetric; 256; 256; 1586; Pattern; 1; 1; 2; 2; 2; 19032; 13202; 13202; 6858
can_268.mtx; Matrix; Coordinate; Symmetric; 268; 268; 1675; Pattern; 1; 1; 2; 2; 2; 20100; 13938; 13938; 7238
can_292.mtx; Matrix; Coordinate; Symmetric; 292; 292; 1416; Pattern; 1; 1; 2; 2; 2; 16992; 11914; 11914; 6250
can_445.mtx; Matrix; Coordinate; Symmetric; 445; 445; 2127; Pattern; 1; 1; 2; 2; 2; 25524; 17908; 17908; 9400
can_61.mtx; Matrix; Coordinate; Symmetric; 61; 61; 309; Pattern; 1; 1; 2; 2; 2; 3708; 2596; 2596; 1360
can_62.mtx; Matrix; Coordinate; Symmetric; 62; 62; 140; Pattern; 1; 1; 2; 2; 2; 1680; 1246; 1246; 686
can_634.mtx; Matrix; Coordinate; Symmetric; 634; 634; 3931; Pattern; 1; 1; 2; 2; 2; 47172; 32718; 32718; 16994
can_715.mtx; Matrix; Coordinate; Symmetric; 715; 715; 3690; Pattern; 1; 1; 2; 2; 2; 44280; 30952; 30952; 16192
can_73.mtx; Matrix; Coordinate; Symmetric; 73; 73; 225; Pattern; 1; 1; 2; 2; 2; 2700; 1948; 1948; 1048
can_838.mtx; Matrix; Coordinate; Symmetric; 838; 838; 5424; Pattern; 1; 1; 2; 2; 2; 65088; 45070; 45070; 23374
can_96.mtx; Matrix; Coordinate; Symmetric; 96; 96; 432; Pattern; 1; 1; 2; 2; 2; 5184; 3650; 3650; 1922
cat_ears_2_1.mtx; Matrix; Coordinate; General; 85; 85; 254; Pattern; 1; 1; 2; 2; 2; 1524; 1188; 1188; 680
cat_ears_3_1.mtx; Matrix; Coordinate; General; 204; 181; 542; Pattern; 1; 1; 2; 2; 2; 3252; 2578; 2578; 1494
cat_ears_4_1.mtx; Matrix; Coordinate; General; 377; 313; 938; Pattern; 1; 1; 2; 2; 2; 5628; 4508; 4508; 2632
cavity01.mtx; Matrix; Coordinate; General; 317; 317; 7327; Real; -2.48889; 8.53333; 2; 2; 4; 58616; 44598; 44598; 22617
cavity02.mtx; Matrix; Coordinate; General; 317; 317; 7327; Real; -11.6838; 14.8728; 2; 2; 4; 58616; 44598; 44598; 22617
cavity03.mtx; Matrix; Coordinate; General; 317; 317; 7327; Real; -24.5672; 25.433; 2; 2; 4; 58616; 44598; 44598; 22617
cavity04.mtx; Matrix; Coordinate; General; 317; 317; 7327; Real; -40.5752; 37.7899; 2; 2; 4; 58616; 44598; 44598; 22617
cdde1.mtx; Matrix; Coordinate; General; 961; 961; 4681; Real; -1.0625; 3.9707; 2; 2; 4; 37448; 30010; 30010; 15967
cdde2.mtx; Matrix; Coordinate; General; 961; 961; 4681; Real; -2.5625; 3.9707; 2; 2; 4; 37448; 30010; 30010; 15967
cdde3.mtx; Matrix; Coordinate; General; 961; 961; 4681; Real; -1.0625; 3.92188; 2; 2; 4; 37448; 30010; 30010; 15967
cdde4.mtx; Matrix; Coordinate; General; 961; 961; 4681; Real; -2.5625; 3.92188; 2; 2; 4; 37448; 30010; 30010; 15967
cdde5.mtx; Matrix; Coordinate; General; 961; 961; 4681; Real; -1.0625; 3.75586; 2; 2; 4; 37448; 30010; 30010; 15967
cdde6.mtx; Matrix; Coordinate; General; 961; 961; 4681; Real; -2.5625; 3.75586; 2; 2; 4; 37448; 30010; 30010; 15967
celegansneural.mtx; Matrix; Coordinate; General; 297; 297; 2345; Integer; 1; 70; 2; 2; 4; 18760; 14660; 14660; 7625
celegans_metabolic.mtx; Matrix; Coordinate; Symmetric; 453; 453; 2040; Integer; 1; 114; 2; 2; 4; 32640; 25298; 25298; 13103
cfd1.mtx; Matrix; Coordinate; Symmetric; 70656; 70656; 949510; Real; -0.797418; 1; 4; 4; 4; 22788240; 14909540; 11112550; 3799094
cfd2.mtx; Matrix; Coordinate; Symmetric; 123440; 123440; 1605669; Real; -0.836178; 1; 4; 4; 4; 38536056; 25196948; 18779624; 6428032
ch3-3-b1.mtx; Matrix; Coordinate; General; 18; 9; 36; Integer; -1; 1; 2; 2; 4; 288; 254; 254; 110
ch3-3-b2.mtx; Matrix; Coordinate; General; 6; 18; 18; Integer; -1; 1; 2; 2; 4; 144; 122; 122; 50
ch4-4-b1.mtx; Matrix; Coordinate; General; 72; 16; 144; Integer; -1; 1; 2; 2; 4; 1152; 1010; 1010; 434
ch4-4-b2.mtx; Matrix; Coordinate; General; 96; 72; 288; Integer; -1; 1; 2; 2; 4; 2304; 1922; 1922; 770
ch4-4-b3.mtx; Matrix; Coordinate; General; 24; 96; 96; Integer; -1; 1; 2; 2; 4; 768; 626; 626; 242
ch5-5-b1.mtx; Matrix; Coordinate; General; 200; 25; 400; Integer; -1; 1; 2; 2; 4; 3200; 2802; 2802; 1202
ch5-5-b2.mtx; Matrix; Coordinate; General; 600; 200; 1800; Integer; -1; 1; 2; 2; 4; 14400; 12002; 12002; 4802
ch5-5-b3.mtx; Matrix; Coordinate; General; 600; 600; 2400; Integer; -1; 1; 2; 2; 4; 19200; 15602; 15602; 6002
ch5-5-b4.mtx; Matrix; Coordinate; General; 120; 600; 600; Integer; -1; 1; 2; 2; 4; 4800; 3842; 3842; 1442
ch6-6-b1.mtx; Matrix; Coordinate; General; 450; 36; 900; Integer; -1; 1; 2; 2; 4; 7200; 6302; 6302; 2702
ch7-6-b1.mtx; Matrix; Coordinate; General; 630; 42; 1260; Integer; -1; 1; 2; 2; 4; 10080; 8822; 8822; 3782
ch7-7-b1.mtx; Matrix; Coordinate; General; 882; 49; 1764; Integer; -1; 1; 2; 2; 4; 14112; 12350; 12350; 5294
ch7-8-b5.mtx; Matrix; Coordinate; General; 141120; 141120; 846720; Integer; -1; 1; 4; 4; 4; 10160640; 7338244; 5494944; 2108064
Chebyshev1.mtx; Matrix; Coordinate; General; 261; 261; 2319; Real; -3250; 20000; 2; 2; 4; 18552; 14438; 14438; 9800
Chebyshev4.mtx; Matrix; Coordinate; General; 68121; 68121; 5377761; Real; -6.5e+07; 4e+08; 4; 4; 4; 64533132; 43294576; 32409108; 32409108
chesapeake.mtx; Matrix; Coordinate; Symmetric; 39; 39; 170; Pattern; 1; 1; 2; 2; 2; 2040; 1440; 1440; 760
circuit_4.mtx; Matrix; Coordinate; General; 80209; 80209; 307604; Real; -5340.9; 156.469; 4; 4; 4; 3691248; 2781672; 2059248; 1136436
cis-n4c6-b1.mtx; Matrix; Coordinate; General; 210; 21; 420; Integer; -1; 1; 2; 2; 4; 3360; 2942; 2942; 1262
cis-n4c6-b15.mtx; Matrix; Coordinate; General; 60; 920; 960; Integer; -1; 1; 2; 2; 4; 7680; 5882; 5882; 2042
Cities.mtx; Matrix; Coordinate; General; 55; 46; 1342; Integer; 1; 3; 2; 2; 4; 10736; 8164; 8164; 4138
ck104.mtx; Matrix; Coordinate; General; 104; 104; 992; Real; -2.61683; 4.74815; 2; 2; 4; 7936; 6162; 6162; 3186
ck400.mtx; Matrix; Coordinate; General; 400; 400; 2860; Real; -2.61683; 4.74815; 2; 2; 4; 22880; 17962; 17962; 9382
ck656.mtx; Matrix; Coordinate; General; 656; 656; 3884; Real; -2.61683; 4.74815; 2; 2; 4; 31072; 24618; 24618; 12966
consph.mtx; Matrix; Coordinate; Symmetric; 83334; 83334; 3046907; Real; -13160.8; 15980.5; 4; 4; 4; 73125768; 48417180; 36239512; 24218552
cont-201.mtx; Matrix; Coordinate; Symmetric; 80595; 80595; 239596; Real; -1; 4; 4; 4; 4; 5750304; 3832744; 2824640; 1508255
cop20k_A.mtx; Matrix; Coordinate; Symmetric; 121192; 121192; 1362087; Real; -71.3774; 182.126; 4; 4; 4; 32690088; 21394024; 16130908; 8257915
crashbasis.mtx; Matrix; Coordinate; General; 160000; 160000; 1750416; Real; -166.971; 408.47; 4; 4; 4; 21004992; 14643332; 11316910; 7816078
ct2010.mtx; Matrix; Coordinate; Symmetric; 67578; 67578; 168176; Integer; 9; 1.56111e+06; 4; 4; 4; 4036224; 2961132; 2159570; 1823218
curtis54.mtx; Matrix; Coordinate; General; 54; 54; 291; Pattern; 1; 1; 2; 2; 2; 1746; 1274; 1274; 692
cz148.mtx; Matrix; Coordinate; General; 148; 148; 1527; Real; -100.488; 50; 2; 2; 4; 12216; 9460; 9460; 4879
cz308.mtx; Matrix; Coordinate; General; 308; 308; 3182; Real; -402.835; 200; 2; 2; 4; 25456; 19710; 19710; 10164
cz628.mtx; Matrix; Coordinate; General; 628; 628; 6346; Real; -1615.84; 800; 2; 2; 4; 50768; 39334; 39334; 26642
dc1.mtx; Matrix; Coordinate; General; 116835; 116835; 766396; Real; -98.3607; 56740.1; 4; 4; 4; 9196752; 6598512; 4933754; 3400962
dc2.mtx; Matrix; Coordinate; General; 116835; 116835; 766396; Real; -98.3607; 58106.6; 4; 4; 4; 9196752; 6598512; 4933754; 3400962
dc3.mtx; Matrix; Coordinate; General; 116835; 116835; 766396; Real; -98.3607; 62419; 4; 4; 4; 9196752; 6598512; 4933754; 3400962
delaunay_n16.mtx; Matrix; Coordinate; Symmetric; 65536; 65536; 196575; Pattern; 1; 1; 4; 4; 2; 3931500; 2621048; 1703694; 917394
delaunay_n17.mtx; Matrix; Coordinate; Symmetric; 131072; 131072; 393176; Pattern; 1; 1; 4; 4; 2; 7863520; 5242404; 3550538; 1977834
dendrimer.mtx; Matrix; Coordinate; Symmetric; 730; 730; 31877; Real; -0.373393; 0.669352; 2; 2; 4; 510032; 379606; 379606; 127510
denormal.mtx; Matrix; Coordinate; Symmetric; 89400; 89400; 622812; Real; -0.016; 0.04; 4; 4; 4; 14947488; 9607396; 7118540; 2493644
divorce.mtx; Matrix; Coordinate; General; 50; 9; 225; Pattern; 1; 1; 2; 2; 2; 1350; 1002; 1002; 552
DK01R.mtx; Matrix; Coordinate; General; 903; 903; 11766; Real; -8.67301e+06; 3.11611e+06; 2; 2; 4; 94128; 72404; 72404; 60638
dolphins.mtx; Matrix; Coordinate; Symmetric; 62; 62; 159; Pattern; 1; 1; 2; 2; 2; 1908; 1398; 1398; 762
Dubcova3.mtx; Matrix; Coordinate; Symmetric; 146689; 146689; 1891669; Real; -0.408248; 2.66667; 4; 4; 4; 45400056; 29679952; 22477066; 11567119
dw256A.mtx; Matrix; Coordinate; General; 512; 512; 2480; Real; -1.32359; 0.781538; 2; 2; 4; 19840; 15906; 15906; 5986
dw256B.mtx; Matrix; Coordinate; General; 512; 512; 2500; Real; -0.0141196; 0.945398; 2; 2; 4; 20000; 16026; 16026; 6026
dwa512.mtx; Matrix; Coordinate; General; 512; 512; 2480; Real; -1.32359; 0.781538; 2; 2; 4; 19840; 15906; 15906; 5986
dwb512.mtx; Matrix; Coordinate; General; 512; 512; 2500; Real; -0.0141196; 0.945398; 2; 2; 4; 20000; 16026; 16026; 6026
dwt_162.mtx; Matrix; Coordinate; Symmetric; 162; 162; 672; Pattern; 1; 1; 2; 2; 2; 8064; 5702; 5702; 3014
dwt_193.mtx; Matrix; Coordinate; Symmetric; 193; 193; 1843; Pattern; 1; 1; 2; 2; 2; 22116; 15132; 15132; 7760
dwt_198.mtx; Matrix; Coordinate; Symmetric; 198; 198; 795; Pattern; 1; 1; 2; 2; 2; 9540; 6758; 6758; 3578
dwt_209.mtx; Matrix; Coordinate; Symmetric; 209; 209; 976; Pattern; 1; 1; 2; 2; 2; 11712; 8228; 8228; 4324
dwt_221.mtx; Matrix; Coordinate; Symmetric; 221; 221; 925; Pattern; 1; 1; 2; 2; 2; 11100; 7844; 7844; 4144
dwt_234.mtx; Matrix; Coordinate; Symmetric; 234; 234; 534; Pattern; 1; 1; 2; 2; 2; 6408; 4742; 4742; 2606
dwt_245.mtx; Matrix; Coordinate; Symmetric; 245; 245; 853; Pattern; 1; 1; 2; 2; 2; 10236; 7316; 7316; 3904
dwt_307.mtx; Matrix; Coordinate; Symmetric; 307; 307; 1415; Pattern; 1; 1; 2; 2; 2; 16980; 11936; 11936; 6276
dwt_310.mtx; Matrix; Coordinate; Symmetric; 310; 310; 1379; Pattern; 1; 1; 2; 2; 2; 16548; 11654; 11654; 6138
dwt_346.mtx; Matrix; Coordinate; Symmetric; 346; 346; 1786; Pattern; 1; 1; 2; 2; 2; 21432; 14982; 14982; 7838
dwt_361.mtx; Matrix; Coordinate; Symmetric; 361; 361; 1657; Pattern; 1; 1; 2; 2; 2; 19884; 13980; 13980; 7352
dwt_419.mtx; Matrix; Coordinate; Symmetric; 419; 419; 1991; Pattern; 1; 1; 2; 2; 2; 23892; 16768; 16768; 8804
dwt_492.mtx; Matrix; Coordinate; Symmetric; 492; 492; 1824; Pattern; 1; 1; 2; 2; 2; 21888; 15578; 15578; 8282
dwt_503.mtx; Matrix; Coordinate; Symmetric; 503; 503; 3265; Pattern; 1; 1; 2; 2; 2; 39180; 27128; 27128; 14068
dwt_512.mtx; Matrix; Coordinate; Symmetric; 512; 512; 2007; Pattern; 1; 1; 2; 2; 2; 24084; 17082; 17082; 9054
dwt_59.mtx; Matrix; Coordinate; Symmetric; 59; 59; 163; Pattern; 1; 1; 2; 2; 2; 1956; 1424; 1424; 772
dwt_592.mtx; Matrix; Coordinate; Symmetric; 592; 592; 2848; Pattern; 1; 1; 2; 2; 2; 34176; 23970; 23970; 12578
dwt_607.mtx; Matrix; Coordinate; Symmetric; 607; 607; 2869; Pattern; 1; 1; 2; 2; 2; 34428; 24168; 24168; 12692
dwt_66.mtx; Matrix; Coordinate; Symmetric; 66; 66; 193; Pattern; 1; 1; 2; 2; 2; 2316; 1678; 1678; 906
dwt_72.mtx; Matrix; Coordinate; Symmetric; 72; 72; 147; Pattern; 1; 1; 2; 2; 2; 1764; 1322; 1322; 734
dwt_758.mtx; Matrix; Coordinate; Symmetric; 758; 758; 3376; Pattern; 1; 1; 2; 2; 2; 40512; 28526; 28526; 15022
dwt_869.mtx; Matrix; Coordinate; Symmetric; 869; 869; 4077; Pattern; 1; 1; 2; 2; 2; 48924; 34356; 34356; 18048
dwt_87.mtx; Matrix; Coordinate; Symmetric; 87; 87; 314; Pattern; 1; 1; 2; 2; 2; 3768; 2688; 2688; 1432
dwt_878.mtx; Matrix; Coordinate; Symmetric; 878; 878; 4163; Pattern; 1; 1; 2; 2; 2; 49956; 35062; 35062; 18410
dwt_918.mtx; Matrix; Coordinate; Symmetric; 918; 918; 4151; Pattern; 1; 1; 2; 2; 2; 49812; 35046; 35046; 18442
dwt_992.mtx; Matrix; Coordinate; Symmetric; 992; 992; 8868; Pattern; 1; 1; 2; 2; 2; 106416; 72930; 72930; 37458
dynamicSoaringProblem_1.mtx; Matrix; Coordinate; Symmetric; 647; 647; 2865; Real; -100; 237.143; 2; 2; 4; 45840; 33498; 33498; 17397
D_10.mtx; Matrix; Coordinate; General; 460; 816; 7614; Integer; -48; 24; 2; 2; 4; 60912; 46604; 46604; 23762
D_11.mtx; Matrix; Coordinate; General; 169; 461; 2952; Integer; -6; 6; 2; 2; 4; 23616; 18052; 18052; 9196
D_5.mtx; Matrix; Coordinate; General; 434; 115; 1832; Integer; -6; 18; 2; 2; 4; 14656; 11854; 11854; 6358
D_6.mtx; Matrix; Coordinate; General; 970; 435; 6491; Integer; -18; 64; 2; 2; 4; 51928; 40882; 40882; 21409
d_dyn.mtx; Matrix; Coordinate; General; 87; 87; 238; Real; -79.6894; 79.6894; 2; 2; 4; 1904; 1604; 1604; 890
d_dyn1.mtx; Matrix; Coordinate; General; 87; 87; 238; Real; -25200; 25200; 2; 2; 4; 1904; 1604; 1604; 1128
d_ss.mtx; Matrix; Coordinate; General; 53; 53; 149; Real; -25200; 25200; 2; 2; 4; 1192; 1002; 1002; 704
engine.mtx; Matrix; Coordinate; Symmetric; 143571; 143571; 2424822; Integer; 8; 8; 4; 4; 4; 58195728; 38222872; 28894736; 14776517
enron.mtx; Matrix; Coordinate; General; 69244; 69244; 276143; Pattern; 1; 1; 4; 4; 2; 2761430; 1727138; 1140034; 587748
epb3.mtx; Matrix; Coordinate; General; 84617; 84617; 463625; Real; -0.344297; 0.435282; 4; 4; 4; 5563500; 4047472; 2951284; 1096784
Erdos971.mtx; Matrix; Coordinate; Symmetric; 472; 472; 1314; Pattern; 1; 1; 2; 2; 2; 15768; 11380; 11380; 6124
Erdos981.mtx; Matrix; Coordinate; Symmetric; 485; 485; 1381; Pattern; 1; 1; 2; 2; 2; 16572; 11940; 11940; 6416
Erdos991.mtx; Matrix; Coordinate; Symmetric; 492; 492; 1417; Pattern; 1; 1; 2; 2; 2; 17004; 12246; 12246; 6578
ex1.mtx; Matrix; Coordinate; Symmetric; 560; 560; 4368; Pattern; 1; 1; 2; 2; 2; 52416; 36066; 36066; 18594
ex2.mtx; Matrix; Coordinate; Symmetric; 560; 560; 4368; Pattern; 1; 1; 2; 2; 2; 52416; 36066; 36066; 18594
ex21.mtx; Matrix; Coordinate; General; 656; 656; 19144; Real; -0.0324326; 0.478009; 2; 2; 4; 153152; 116178; 116178; 39602
ex22.mtx; Matrix; Coordinate; General; 839; 839; 22715; Real; -3.87512; 7.80955; 2; 2; 4; 181720; 137970; 137970; 69825
ex25.mtx; Matrix; Coordinate; General; 848; 848; 24612; Real; -0.173755; 0.351872; 2; 2; 4; 196896; 149370; 149370; 50922
ex27.mtx; Matrix; Coordinate; General; 974; 974; 40782; Real; -0.0706368; 0.156271; 2; 2; 4; 326256; 246642; 246642; 83514
ex5.mtx; Matrix; Coordinate; Symmetric; 27; 27; 153; Real; -1.18519e+06; 2.37038e+06; 2; 2; 4; 2448; 1730; 1730; 1451
F2.mtx; Matrix; Coordinate; Symmetric; 71505; 71505; 2682895; Real; -3.01713e+06; 5.53597e+06; 4; 4; 4; 64389480; 42640304; 31987074; 26692789
farm.mtx; Matrix; Coordinate; General; 7; 17; 41; Integer; 1; 250; 2; 2; 4; 328; 262; 262; 139
FEM_3D_thermal2.mtx; Matrix; Coordinate; General; 147900; 147900; 3489300; Real; -0.10315; 0.291773; 4; 4; 4; 41871600; 28506004; 21244184; 7286984
fe_ocean.mtx; Matrix; Coordinate; Symmetric; 143437; 143437; 409593; Pattern; 1; 1; 4; 4; 2; 8191860; 5488868; 3617096; 1978724
fe_rotor.mtx; Matrix; Coordinate; Symmetric; 99617; 99617; 662431; Pattern; 1; 1; 4; 4; 2; 13248620; 8347644; 5592614; 2942890
fe_tooth.mtx; Matrix; Coordinate; Symmetric; 78136; 78136; 452591; Pattern; 1; 1; 4; 4; 2; 9051820; 5743640; 3876278; 2065914
filter3D.mtx; Matrix; Coordinate; Symmetric; 106437; 106437; 1406808; Real; -0.00710824; 0.0042906; 4; 4; 4; 33763392; 22083184; 16460930; 5632214
finan512.mtx; Matrix; Coordinate; Symmetric; 74752; 74752; 335872; Real; -0.999999; 26.9352; 4; 4; 4; 8060928; 5074948; 3764596; 1973620
flower_4_1.mtx; Matrix; Coordinate; General; 121; 129; 386; Pattern; 1; 1; 2; 2; 2; 2316; 1788; 1788; 1016
flower_5_1.mtx; Matrix; Coordinate; General; 211; 201; 602; Pattern; 1; 1; 2; 2; 2; 3612; 2832; 2832; 1628
flower_7_1.mtx; Matrix; Coordinate; General; 463; 393; 1178; Pattern; 1; 1; 2; 2; 2; 7068; 5640; 5640; 3284
flower_8_1.mtx; Matrix; Coordinate; General; 625; 513; 1538; Pattern; 1; 1; 2; 2; 2; 9228; 7404; 7404; 4328
football.mtx; Matrix; Coordinate; General; 35; 35; 118; Integer; 1; 12; 2; 2; 4; 944; 762; 762; 408
ford2.mtx; Matrix; Coordinate; Symmetric; 100196; 100196; 322442; Pattern; 1; 1; 4; 4; 2; 6448840; 4270092; 2826658; 1536890
freeFlyingRobot_1.mtx; Matrix; Coordinate; Symmetric; 798; 798; 2861; Real; -9.81526e+08; 3.65596e+12; 2; 2; 4; 45776; 33074; 33074; 33074
fs_183_1.mtx; Matrix; Coordinate; General; 183; 183; 1069; Real; -7.65e+08; 8.22724e+08; 2; 2; 4; 8552; 6782; 6782; 6782
fs_183_3.mtx; Matrix; Coordinate; General; 183; 183; 1069; Real; -7.65e+08; 8.45851e+08; 2; 2; 4; 8552; 6782; 6782; 6782
fs_183_4.mtx; Matrix; Coordinate; General; 183; 183; 1069; Real; -7.65e+08; 8.15706e+08; 2; 2; 4; 8552; 6782; 6782; 6782
fs_183_6.mtx; Matrix; Coordinate; General; 183; 183; 1069; Real; -7.65e+08; 8.73139e+08; 2; 2; 4; 8552; 6782; 6782; 6782
fs_541_1.mtx; Matrix; Coordinate; General; 541; 541; 4285; Real; -31.3099; 31.3089; 2; 2; 4; 34280; 26794; 26794; 13939
fs_541_2.mtx; Matrix; Coordinate; General; 541; 541; 4285; Real; -794379; 794353; 2; 2; 4; 34280; 26794; 26794; 22509
fs_541_3.mtx; Matrix; Coordinate; General; 541; 541; 4285; Real; -5.99826e+06; 5.99826e+06; 2; 2; 4; 34280; 26794; 26794; 22509
fs_541_4.mtx; Matrix; Coordinate; General; 541; 541; 4285; Real; -798774; 798777; 2; 2; 4; 34280; 26794; 26794; 22509
fs_680_1.mtx; Matrix; Coordinate; General; 680; 680; 2646; Real; -4.83016e+13; 4.83096e+13; 2; 2; 4; 21168; 17238; 17238; 17238
fs_680_2.mtx; Matrix; Coordinate; General; 680; 680; 2646; Real; -4.83016e+13; 4.83023e+13; 2; 2; 4; 21168; 17238; 17238; 17238
fs_680_3.mtx; Matrix; Coordinate; General; 680; 680; 2646; Real; -4.83016e+13; 4.83016e+13; 2; 2; 4; 21168; 17238; 17238; 17238
fs_760_1.mtx; Matrix; Coordinate; General; 760; 760; 5976; Real; -2.1905e+08; 2.1916e+08; 2; 2; 4; 47808; 37378; 37378; 37378
fs_760_2.mtx; Matrix; Coordinate; General; 760; 760; 5976; Real; -2.1905e+08; 2.19056e+08; 2; 2; 4; 47808; 37378; 37378; 37378
fs_760_3.mtx; Matrix; Coordinate; General; 760; 760; 5976; Real; -2.1905e+08; 2.19056e+08; 2; 2; 4; 47808; 37378; 37378; 37378
G1.mtx; Matrix; Coordinate; Symmetric; 800; 800; 19176; Pattern; 1; 1; 2; 2; 2; 230112; 155010; 155010; 78306
G10.mtx; Matrix; Coordinate; Symmetric; 800; 800; 19176; Integer; -1; 1; 2; 2; 4; 306816; 231714; 231714; 78306
G11.mtx; Matrix; Coordinate; Symmetric; 800; 800; 1600; Integer; -1; 1; 2; 2; 4; 25600; 20802; 20802; 8002
G12.mtx; Matrix; Coordinate; Symmetric; 800; 800; 1600; Integer; -1; 1; 2; 2; 4; 25600; 20802; 20802; 8002
G13.mtx; Matrix; Coordinate; Symmetric; 800; 800; 1600; Integer; -1; 1; 2; 2; 4; 25600; 20802; 20802; 8002
G14.mtx; Matrix; Coordinate; Symmetric; 800; 800; 4694; Pattern; 1; 1; 2; 2; 2; 56328; 39154; 39154; 20378
G15.mtx; Matrix; Coordinate; Symmetric; 800; 800; 4661; Pattern; 1; 1; 2; 2; 2; 55932; 38890; 38890; 20246
G16.mtx; Matrix; Coordinate; Symmetric; 800; 800; 4672; Pattern; 1; 1; 2; 2; 2; 56064; 38978; 38978; 20290
G17.mtx; Matrix; Coordinate; Symmetric; 800; 800; 4667; Pattern; 1; 1; 2; 2; 2; 56004; 38938; 38938; 20270
G18.mtx; Matrix; Coordinate; Symmetric; 800; 800; 4694; Integer; -1; 1; 2; 2; 4; 75104; 57930; 57930; 20378
G19.mtx; Matrix; Coordinate; Symmetric; 800; 800; 4661; Integer; -1; 1; 2; 2; 4; 74576; 57534; 57534; 20246
G2.mtx; Matrix; Coordinate; Symmetric; 800; 800; 19176; Pattern; 1; 1; 2; 2; 2; 230112; 155010; 155010; 78306
G20.mtx; Matrix; Coordinate; Symmetric; 800; 800; 4672; Integer; -1; 1; 2; 2; 4; 74752; 57666; 57666; 20290
G21.mtx; Matrix; Coordinate; Symmetric; 800; 800; 4667; Integer; -1; 1; 2; 2; 4; 74672; 57606; 57606; 20270
G2_circuit.mtx; Matrix; Coordinate; Symmetric; 150102; 150102; 438388; Real; -1176.47; 22247.6; 4; 4; 4; 10521312; 6413804; 4716948; 3263600
G3.mtx; Matrix; Coordinate; Symmetric; 800; 800; 19176; Pattern; 1; 1; 2; 2; 2; 230112; 155010; 155010; 78306
G4.mtx; Matrix; Coordinate; Symmetric; 800; 800; 19176; Pattern; 1; 1; 2; 2; 2; 230112; 155010; 155010; 78306
G43.mtx; Matrix; Coordinate; Symmetric; 1000; 1000; 9990; Pattern; 1; 1; 2; 2; 2; 119880; 81922; 81922; 41962
G44.mtx; Matrix; Coordinate; Symmetric; 1000; 1000; 9990; Pattern; 1; 1; 2; 2; 2; 119880; 81922; 81922; 41962
G45.mtx; Matrix; Coordinate; Symmetric; 1000; 1000; 9990; Pattern; 1; 1; 2; 2; 2; 119880; 81922; 81922; 41962
G46.mtx; Matrix; Coordinate; Symmetric; 1000; 1000; 9990; Pattern; 1; 1; 2; 2; 2; 119880; 81922; 81922; 41962
G47.mtx; Matrix; Coordinate; Symmetric; 1000; 1000; 9990; Pattern; 1; 1; 2; 2; 2; 119880; 81922; 81922; 41962
G5.mtx; Matrix; Coordinate; Symmetric; 800; 800; 19176; Pattern; 1; 1; 2; 2; 2; 230112; 155010; 155010; 78306
G51.mtx; Matrix; Coordinate; Symmetric; 1000; 1000; 5909; Pattern; 1; 1; 2; 2; 2; 70908; 49274; 49274; 25638
G52.mtx; Matrix; Coordinate; Symmetric; 1000; 1000; 5916; Pattern; 1; 1; 2; 2; 2; 70992; 49330; 49330; 25666
G53.mtx; Matrix; Coordinate; Symmetric; 1000; 1000; 5914; Pattern; 1; 1; 2; 2; 2; 70968; 49314; 49314; 25658
G54.mtx; Matrix; Coordinate; Symmetric; 1000; 1000; 5916; Pattern; 1; 1; 2; 2; 2; 70992; 49330; 49330; 25666
G6.mtx; Matrix; Coordinate; Symmetric; 800; 800; 19176; Integer; -1; 1; 2; 2; 4; 306816; 231714; 231714; 78306
G7.mtx; Matrix; Coordinate; Symmetric; 800; 800; 19176; Integer; -1; 1; 2; 2; 4; 306816; 231714; 231714; 78306
G8.mtx; Matrix; Coordinate; Symmetric; 800; 800; 19176; Integer; -1; 1; 2; 2; 4; 306816; 231714; 231714; 78306
G9.mtx; Matrix; Coordinate; Symmetric; 800; 800; 19176; Integer; -1; 1; 2; 2; 4; 306816; 231714; 231714; 78306
Ga10As10H30.mtx; Matrix; Coordinate; Symmetric; 113081; 113081; 3114357; Real; -87.1646; 116.385; 4; 4; 4; 74744568; 49377392; 36986184; 18639285
Ga19As19H42.mtx; Matrix; Coordinate; Symmetric; 133123; 133123; 4508981; Real; -87.6201; 116.381; 4; 4; 4; 108215544; 71611208; 53663704; 27009187
gams10a.mtx; Matrix; Coordinate; General; 114; 171; 407; Real; -1; 1; 2; 2; 4; 3256; 2672; 2672; 1044
gams10am.mtx; Matrix; Coordinate; General; 114; 171; 407; Real; -1; 1; 2; 2; 4; 3256; 2672; 2672; 1044
gams30a.mtx; Matrix; Coordinate; General; 354; 531; 1287; Real; -1; 1; 2; 2; 4; 10296; 8432; 8432; 3284
gams30am.mtx; Matrix; Coordinate; General; 354; 531; 1287; Real; -1; 1; 2; 2; 4; 10296; 8432; 8432; 3284
gas11.mtx; Matrix; Coordinate; General; 459; 862; 2166; Real; -264.71; 252; 2; 2; 4; 17328; 13916; 13916; 7418
gas_sensor.mtx; Matrix; Coordinate; Symmetric; 66917; 66917; 885141; Real; -6.10417; 4.47638; 4; 4; 4; 21243384; 13894592; 10358130; 5248035
GD00_a.mtx; Matrix; Coordinate; General; 352; 352; 458; Pattern; 1; 1; 2; 2; 2; 2748; 2388; 2388; 1472
GD00_c.mtx; Matrix; Coordinate; General; 638; 638; 1041; Integer; 1; 5; 2; 2; 4; 8328; 7106; 7106; 3983
GD01_a.mtx; Matrix; Coordinate; General; 311; 311; 645; Integer; 1; 3; 2; 2; 4; 5160; 4266; 4266; 2331
GD01_Acap.mtx; Matrix; Coordinate; General; 953; 953; 645; Integer; 1; 3; 2; 2; 4; 5160; 4266; 4266; 2331
GD01_b.mtx; Matrix; Coordinate; General; 18; 18; 37; Pattern; 1; 1; 2; 2; 2; 222; 186; 186; 112
GD01_c.mtx; Matrix; Coordinate; General; 33; 33; 135; Integer; 1; 2; 2; 2; 4; 1080; 872; 872; 467
GD02_a.mtx; Matrix; Coordinate; General; 23; 23; 87; Pattern; 1; 1; 2; 2; 2; 522; 394; 394; 220
GD02_b.mtx; Matrix; Coordinate; General; 80; 80; 232; Pattern; 1; 1; 2; 2; 2; 1392; 1086; 1086; 622
GD06_theory.mtx; Matrix; Coordinate; Symmetric; 101; 101; 190; Pattern; 1; 1; 2; 2; 2; 2280; 1724; 1724; 964
GD95_a.mtx; Matrix; Coordinate; General; 36; 36; 57; Pattern; 1; 1; 2; 2; 2; 342; 298; 298; 184
GD95_b.mtx; Matrix; Coordinate; General; 73; 73; 96; Pattern; 1; 1; 2; 2; 2; 576; 466; 466; 274
GD95_c.mtx; Matrix; Coordinate; General; 62; 62; 287; Pattern; 1; 1; 2; 2; 2; 1722; 1274; 1274; 700
GD96_b.mtx; Matrix; Coordinate; General; 111; 111; 193; Pattern; 1; 1; 2; 2; 2; 1158; 958; 958; 572
GD96_c.mtx; Matrix; Coordinate; Symmetric; 65; 65; 125; Pattern; 1; 1; 2; 2; 2; 1500; 1132; 1132; 632
GD96_d.mtx; Matrix; Coordinate; General; 180; 180; 229; Pattern; 1; 1; 2; 2; 2; 1374; 1144; 1144; 686
GD97_a.mtx; Matrix; Coordinate; Symmetric; 84; 84; 166; Pattern; 1; 1; 2; 2; 2; 1992; 1498; 1498; 834
GD97_b.mtx; Matrix; Coordinate; Symmetric; 47; 47; 132; Real; 0.01; 1356.59; 2; 2; 4; 2112; 1678; 1678; 1150
GD97_c.mtx; Matrix; Coordinate; General; 452; 452; 460; Integer; 1; 17; 2; 2; 4; 3680; 2890; 2890; 1510
GD98_a.mtx; Matrix; Coordinate; General; 38; 38; 50; Pattern; 1; 1; 2; 2; 2; 300; 234; 234; 134
GD98_b.mtx; Matrix; Coordinate; General; 121; 121; 207; Pattern; 1; 1; 2; 2; 2; 1242; 1072; 1072; 658
GD98_c.mtx; Matrix; Coordinate; Symmetric; 112; 112; 168; Pattern; 1; 1; 2; 2; 2; 2016; 1570; 1570; 898
GD99_b.mtx; Matrix; Coordinate; Symmetric; 64; 64; 127; Integer; 1; 2; 2; 2; 4; 2032; 1642; 1642; 886
GD99_c.mtx; Matrix; Coordinate; General; 105; 105; 149; Pattern; 1; 1; 2; 2; 2; 894; 732; 732; 434
Ge87H76.mtx; Matrix; Coordinate; Symmetric; 112985; 112985; 4002590; Real; -2.73784; 13.981; 4; 4; 4; 96062160; 63589504; 47645146; 23968561
gearbox.mtx; Matrix; Coordinate; Symmetric; 153746; 153746; 4617075; Pattern; 1; 1; 4; 4; 2; 92341500; 56019888; 37249590; 18781290
gent113.mtx; Matrix; Coordinate; General; 113; 113; 655; Pattern; 1; 1; 2; 2; 2; 3930; 2848; 2848; 1538
GL6_D_10.mtx; Matrix; Coordinate; General; 163; 341; 2053; Integer; -8; 8; 2; 2; 4; 16424; 12644; 12644; 6485
GL6_D_6.mtx; Matrix; Coordinate; General; 469; 201; 2526; Integer; -16; 64; 2; 2; 4; 20208; 16088; 16088; 8510
GL6_D_7.mtx; Matrix; Coordinate; General; 636; 470; 5378; Integer; -40; 15; 2; 2; 4; 43024; 33542; 33542; 17408
GL6_D_8.mtx; Matrix; Coordinate; General; 544; 637; 6153; Integer; -12; 15; 2; 2; 4; 49224; 38004; 38004; 19545
GL6_D_9.mtx; Matrix; Coordinate; General; 340; 545; 4349; Integer; -7; 8; 2; 2; 4; 34792; 26774; 26774; 13727
GL7d10.mtx; Matrix; Coordinate; General; 1; 60; 8; Integer; -1; 6; 2; 2; 4; 64; 52; 52; 28
GlossGT.mtx; Matrix; Coordinate; General; 72; 72; 122; Pattern; 1; 1; 2; 2; 2; 732; 610; 610; 366
goddardRocketProblem_1.mtx; Matrix; Coordinate; Symmetric; 831; 831; 4457; Real; -37707.8; 1.72128e+09; 2; 2; 4; 71312; 52652; 52652; 52652
goddardRocketProblem_2.mtx; Matrix; Coordinate; Symmetric; 867; 867; 4746; Real; -234.975; 203.519; 2; 2; 4; 75936; 56084; 56084; 28910
Goodwin_095.mtx; Matrix; Coordinate; General; 100037; 100037; 3226066; Real; -0.266667; 1; 4; 4; 4; 38712792; 26208680; 19559374; 6655110
gre_115.mtx; Matrix; Coordinate; General; 115; 115; 421; Real; 5.96046e-08; 0.952381; 2; 2; 4; 3368; 2758; 2758; 1074
gre_185.mtx; Matrix; Coordinate; General; 185; 185; 1005; Real; 0; 0.9351; 2; 2; 4; 8040; 6402; 6402; 2382
gre_216a.mtx; Matrix; Coordinate; General; 216; 216; 876; Real; 0; 0.75; 2; 2; 4; 7008; 5690; 5690; 2186
gre_216b.mtx; Matrix; Coordinate; General; 216; 216; 876; Real; 0; 0.99032; 2; 2; 4; 7008; 5690; 5690; 2186
gre_343.mtx; Matrix; Coordinate; General; 343; 343; 1435; Real; 0; 0.75; 2; 2; 4; 11480; 9298; 9298; 3558
gre_512.mtx; Matrix; Coordinate; General; 512; 512; 2192; Real; 0; 0.75; 2; 2; 4; 17536; 14178; 14178; 5410
grid1.mtx; Matrix; Coordinate; Symmetric; 252; 252; 476; Pattern; 1; 1; 2; 2; 2; 5712; 4314; 4314; 2410
grid1_dual.mtx; Matrix; Coordinate; Symmetric; 224; 224; 420; Pattern; 1; 1; 2; 2; 2; 5040; 3810; 3810; 2130
gr_30_30.mtx; Matrix; Coordinate; Symmetric; 900; 900; 4322; Integer; -1; 8; 2; 2; 4; 69152; 48266; 48266; 25034
G_n_pin_pout.mtx; Matrix; Coordinate; Symmetric; 100000; 100000; 501198; Pattern; 1; 1; 4; 4; 2; 10023960; 6414360; 4383446; 2378654
H2O.mtx; Matrix; Coordinate; Symmetric; 67024; 67024; 1141880; Real; -22.0238; 118.484; 4; 4; 4; 27405120; 18001988; 13443684; 6793476
Hamrle1.mtx; Matrix; Coordinate; General; 32; 32; 98; Real; -156.79; 156.79; 2; 2; 4; 784; 654; 654; 360
hangGlider_1.mtx; Matrix; Coordinate; Symmetric; 360; 360; 1838; Real; -2790.57; 10383.1; 2; 2; 4; 29408; 21584; 21584; 14630
Harvard500.mtx; Matrix; Coordinate; General; 500; 500; 2636; Pattern; 1; 1; 2; 2; 2; 15816; 11546; 11546; 6274
hcircuit.mtx; Matrix; Coordinate; General; 105676; 105676; 513072; Real; -21.8516; 44.0937; 4; 4; 4; 6156864; 4527284; 3378728; 1839512
hor_131.mtx; Matrix; Coordinate; General; 434; 434; 4710; Real; -0.177; 0.254143; 2; 2; 4; 37680; 29130; 29130; 10290
ibm32.mtx; Matrix; Coordinate; General; 32; 32; 126; Pattern; 1; 1; 2; 2; 2; 756; 570; 570; 318
id2010.mtx; Matrix; Coordinate; Symmetric; 149842; 149842; 364132; Integer; 22; 9.90461e+06; 4; 4; 4; 8739168; 6425484; 4684822; 3956558
ifiss_mat.mtx; Matrix; Coordinate; General; 96307; 96307; 3599932; Real; -0.02377; 1.00028; 4; 4; 4; 43199184; 29184688; 21967662; 7567934
IG5-10.mtx; Matrix; Coordinate; General; 652; 976; 10273; Integer; 1; 60; 2; 2; 4; 82184; 62944; 62944; 32125
IG5-6.mtx; Matrix; Coordinate; General; 30; 77; 251; Integer; 1; 12; 2; 2; 4; 2008; 1568; 1568; 815
IG5-7.mtx; Matrix; Coordinate; General; 62; 150; 549; Integer; 1; 12; 2; 2; 4; 4392; 3420; 3420; 1773
IG5-8.mtx; Matrix; Coordinate; General; 156; 292; 1711; Integer; 1; 12; 2; 2; 4; 13688; 10580; 10580; 5447
IG5-9.mtx; Matrix; Coordinate; General; 342; 540; 4570; Integer; 1; 12; 2; 2; 4; 36560; 28106; 28106; 14396
imagesensor.mtx; Matrix; Coordinate; General; 118758; 118758; 1893170; Real; -9.17825e+18; 1.18164e+19; 4; 4; 4; 22718040; 15620396; 11813272; 3762336976
impcol_a.mtx; Matrix; Coordinate; General; 207; 207; 572; Real; -376; 680; 2; 2; 4; 4576; 3848; 3848; 2704
impcol_b.mtx; Matrix; Coordinate; General; 59; 59; 312; Real; -2.64056; 2.64056; 2; 2; 4; 2496; 1992; 1992; 1056
impcol_c.mtx; Matrix; Coordinate; General; 137; 137; 411; Real; -120; 10; 2; 2; 4; 3288; 2742; 2742; 1509
impcol_d.mtx; Matrix; Coordinate; General; 425; 425; 1339; Real; -10; 10; 2; 2; 4; 10712; 8886; 8886; 4869
impcol_e.mtx; Matrix; Coordinate; General; 225; 225; 1308; Real; -5000; 5000; 2; 2; 4; 10464; 8300; 8300; 5684
internet.mtx; Matrix; Coordinate; General; 124651; 124651; 207214; Integer; 1; 626826; 4; 4; 4; 2486568; 1951116; 1403918; 1196704
jagmesh1.mtx; Matrix; Coordinate; Symmetric; 936; 936; 3600; Pattern; 1; 1; 2; 2; 2; 43200; 30674; 30674; 16274
jazz.mtx; Matrix; Coordinate; Symmetric; 198; 198; 2742; Integer; 2; 2; 2; 2; 4; 43872; 33302; 33302; 16850
jgl009.mtx; Matrix; Coordinate; General; 9; 9; 50; Pattern; 1; 1; 2; 2; 2; 300; 220; 220; 120
jgl011.mtx; Matrix; Coordinate; General; 11; 11; 76; Pattern; 1; 1; 2; 2; 2; 456; 328; 328; 176
Journals.mtx; Matrix; Coordinate; Symmetric; 124; 124; 6096; Integer; 1; 31997; 2; 2; 4; 97536; 72658; 72658; 48522
JP.mtx; Matrix; Coordinate; General; 87616; 67320; 13734559; Real; 1.00039e-16; 227.447; 4; 4; 4; 164814708; 110226940; 82627448; 41423771
jpwh_991.mtx; Matrix; Coordinate; General; 991; 991; 6027; Integer; -15; 1; 2; 2; 4; 48216; 38146; 38146; 14038
k1_san.mtx; Matrix; Coordinate; Symmetric; 67759; 67759; 303364; Real; -7.85481; 131.387; 4; 4; 4; 7280736; 4749228; 3503774; 1824452
karate.mtx; Matrix; Coordinate; Symmetric; 34; 34; 78; Pattern; 1; 1; 2; 2; 2; 936; 694; 694; 382
kleemin.mtx; Matrix; Coordinate; General; 8; 16; 44; Integer; 1; 2e+07; 2; 2; 4; 352; 282; 282; 282
klein-b1.mtx; Matrix; Coordinate; General; 30; 10; 60; Integer; -1; 1; 2; 2; 4; 480; 422; 422; 182
klein-b2.mtx; Matrix; Coordinate; General; 20; 30; 60; Integer; -1; 1; 2; 2; 4; 480; 402; 402; 162
kneser_6_2_1.mtx; Matrix; Coordinate; General; 601; 676; 2027; Pattern; 1; 1; 2; 2; 2; 12162; 9312; 9312; 5258
kron_g500-logn16.mtx; Matrix; Coordinate; Symmetric; 65536; 65536; 2456398; Integer; 1; 407; 4; 4; 4; 58953552; 39521040; 29585938; 19761000
kron_g500-logn17.mtx; Matrix; Coordinate; Symmetric; 131072; 131072; 5114375; Integer; 1; 418; 4; 4; 4; 122745000; 82258520; 61761348; 41304628
ky2010.mtx; Matrix; Coordinate; Symmetric; 161672; 161672; 393889; Integer; 9; 3.21509e+06; 4; 4; 4; 9453336; 6948916; 5070428; 4282650
L.mtx; Matrix; Coordinate; Symmetric; 956; 956; 1820; Pattern; 1; 1; 2; 2; 2; 21840; 16474; 16474; 9194
laminar_duct3D.mtx; Matrix; Coordinate; General; 67173; 67173; 3833077; Real; -11.7453; 21.0695; 4; 4; 4; 45996924; 30933312; 23142356; 11643125
lap_25.mtx; Matrix; Coordinate; Symmetric; 25; 25; 97; Pattern; 1; 1; 2; 2; 2; 1164; 828; 828; 440
LeGresley_87936.mtx; Matrix; Coordinate; General; 87936; 87936; 593276; Real; -105519; 105480; 4; 4; 4; 7119312; 5097956; 3823510; 3230234
lesmis.mtx; Matrix; Coordinate; Symmetric; 77; 77; 254; Integer; 1; 31; 2; 2; 4; 4064; 3204; 3204; 1680
LF10.mtx; Matrix; Coordinate; Symmetric; 18; 18; 50; Real; -85887.9; 171776; 2; 2; 4; 800; 530; 530; 448
LFAT5.mtx; Matrix; Coordinate; Symmetric; 14; 14; 30; Real; -6.2832e+06; 1.25664e+07; 2; 2; 4; 480; 306; 306; 260
lhr71.mtx; Matrix; Coordinate; General; 70304; 70304; 1528092; Real; -1; 1; 4; 4; 4; 18337104; 12505956; 9328172; 3215804
lhr71c.mtx; Matrix; Coordinate; General; 70304; 70304; 1528092; Real; -1.001; 1.001; 4; 4; 4; 18337104; 12505956; 9328172; 3215804
lnsp_131.mtx; Matrix; Coordinate; General; 131; 131; 536; Real; -6.31638e+09; 6.31638e+09; 2; 2; 4; 4288; 3480; 3480; 3480
lnsp_511.mtx; Matrix; Coordinate; General; 511; 511; 2796; Real; -2.83106e+10; 2.83106e+10; 2; 2; 4; 22368; 17800; 17800; 17800
lns_131.mtx; Matrix; Coordinate; General; 131; 131; 536; Real; -6.31638e+09; 6.31638e+09; 2; 2; 4; 4288; 3480; 3480; 3480
lns_511.mtx; Matrix; Coordinate; General; 511; 511; 2796; Real; -2.83106e+10; 2.83106e+10; 2; 2; 4; 22368; 17800; 17800; 17800
lock_700.mtx; Matrix; Coordinate; Symmetric; 700; 700; 11433; Pattern; 1; 1; 2; 2; 2; 137196; 92848; 92848; 47116
lop163.mtx; Matrix; Coordinate; General; 163; 163; 935; Real; 1e-12; 0.957143; 2; 2; 4; 7480; 5938; 5938; 2198
lowThrust_1.mtx; Matrix; Coordinate; Symmetric; 584; 584; 3314; Real; -4.27429; 225.146; 2; 2; 4; 53024; 37964; 37964; 19565
lpi_bgdbg1.mtx; Matrix; Coordinate; General; 348; 629; 1662; Real; -1; 7; 2; 2; 4; 13296; 10670; 10670; 5684
lpi_bgetam.mtx; Matrix; Coordinate; General; 400; 816; 2537; Real; -1000; 2000; 2; 2; 4; 20296; 16024; 16024; 10950
lpi_bgprtr.mtx; Matrix; Coordinate; General; 20; 40; 70; Integer; -1; 900; 2; 2; 4; 560; 462; 462; 322
lpi_box1.mtx; Matrix; Coordinate; General; 231; 261; 651; Integer; -1; 1; 2; 2; 4; 5208; 4370; 4370; 1766
lpi_chemcom.mtx; Matrix; Coordinate; General; 288; 744; 1590; Real; -1; 1; 2; 2; 4; 12720; 10118; 10118; 3758
lpi_cplex2.mtx; Matrix; Coordinate; General; 224; 378; 1215; Real; -1; 1; 2; 2; 4; 9720; 7740; 7740; 2880
lpi_ex72a.mtx; Matrix; Coordinate; General; 197; 215; 467; Integer; -1; 1; 2; 2; 4; 3736; 3198; 3198; 1330
lpi_ex73a.mtx; Matrix; Coordinate; General; 193; 211; 457; Integer; -1; 1; 2; 2; 4; 3656; 3130; 3130; 1302
lpi_forest6.mtx; Matrix; Coordinate; General; 66; 131; 246; Real; -1; 1; 2; 2; 4; 1968; 1610; 1610; 626
lpi_galenet.mtx; Matrix; Coordinate; General; 8; 14; 22; Integer; -1; 1; 2; 2; 4; 176; 150; 150; 62
lpi_itest2.mtx; Matrix; Coordinate; General; 9; 13; 26; Real; -1; 3; 2; 2; 4; 208; 176; 176; 98
lpi_itest6.mtx; Matrix; Coordinate; General; 11; 17; 29; Real; -3; 2; 2; 2; 4; 232; 198; 198; 111
lpi_klein1.mtx; Matrix; Coordinate; General; 54; 108; 750; Integer; -2000; 2000; 2; 2; 4; 6000; 4610; 4610; 3110
lpi_klein2.mtx; Matrix; Coordinate; General; 477; 531; 5062; Integer; -2000; 1000; 2; 2; 4; 40496; 31328; 31328; 21204
lpi_mondou2.mtx; Matrix; Coordinate; General; 312; 604; 1208; Integer; -1; 1; 2; 2; 4; 9664; 7874; 7874; 3042
lpi_pang.mtx; Matrix; Coordinate; General; 361; 741; 2933; Real; -100; 99999; 2; 2; 4; 23464; 18322; 18322; 15389
lpi_qual.mtx; Matrix; Coordinate; General; 323; 464; 1646; Real; -2282.11; 10080; 2; 2; 4; 13168; 10524; 10524; 7232
lpi_reactor.mtx; Matrix; Coordinate; General; 318; 808; 2591; Real; -20000; 1; 2; 2; 4; 20728; 16184; 16184; 5820
lpi_refinery.mtx; Matrix; Coordinate; General; 323; 464; 1626; Real; -2400; 10080; 2; 2; 4; 13008; 10404; 10404; 7152
lpi_vol1.mtx; Matrix; Coordinate; General; 323; 464; 1646; Real; -2282.11; 10080; 2; 2; 4; 13168; 10524; 10524; 7232
lpi_woodinfe.mtx; Matrix; Coordinate; General; 35; 89; 140; Integer; -1; 1; 2; 2; 4; 1120; 912; 912; 352
lp_adlittle.mtx; Matrix; Coordinate; General; 56; 138; 424; Real; -64.3; 55; 2; 2; 4; 3392; 2658; 2658; 1386
lp_afiro.mtx; Matrix; Coordinate; General; 27; 51; 102; Real; -1.06; 2.429; 2; 2; 4; 816; 668; 668; 362
lp_agg.mtx; Matrix; Coordinate; General; 488; 615; 2862; Real; -2.43911; 424; 2; 2; 4; 22896; 18150; 18150; 12426
lp_agg2.mtx; Matrix; Coordinate; General; 516; 758; 4740; Real; -2.43911; 424; 2; 2; 4; 37920; 29474; 29474; 19994
lp_agg3.mtx; Matrix; Coordinate; General; 516; 758; 4756; Real; -2.43911; 424; 2; 2; 4; 38048; 29570; 29570; 20058
lp_bandm.mtx; Matrix; Coordinate; General; 305; 472; 2494; Real; -104; 200; 2; 2; 4; 19952; 15576; 15576; 8094
lp_beaconfd.mtx; Matrix; Coordinate; General; 173; 295; 3408; Real; -100; 500; 2; 2; 4; 27264; 20796; 20796; 13980
lp_blend.mtx; Matrix; Coordinate; General; 74; 114; 522; Real; -14; 66; 2; 2; 4; 4176; 3282; 3282; 1716
lp_bore3d.mtx; Matrix; Coordinate; General; 233; 334; 1448; Real; -1426.9; 90.9; 2; 2; 4; 11584; 9156; 9156; 4812
lp_brandy.mtx; Matrix; Coordinate; General; 220; 303; 2202; Real; -60; 203.7; 2; 2; 4; 17616; 13600; 13600; 6994
lp_capri.mtx; Matrix; Coordinate; General; 271; 482; 1896; Real; -17.0784; 217.745; 2; 2; 4; 15168; 11920; 11920; 6232
lp_degen2.mtx; Matrix; Coordinate; General; 444; 757; 4201; Integer; -1; 1; 2; 2; 4; 33608; 26096; 26096; 9292
lp_e226.mtx; Matrix; Coordinate; General; 223; 472; 2768; Real; -1486.2; 771; 2; 2; 4; 22144; 17056; 17056; 11520
lp_etamacro.mtx; Matrix; Coordinate; General; 400; 816; 2537; Real; -1000; 2000; 2; 2; 4; 20296; 16024; 16024; 10950
lp_grow15.mtx; Matrix; Coordinate; General; 300; 645; 5620; Real; -1; 1; 2; 2; 4; 44960; 34322; 34322; 11842
lp_grow22.mtx; Matrix; Coordinate; General; 440; 946; 8252; Real; -1; 1; 2; 2; 4; 66016; 50394; 50394; 17386
lp_grow7.mtx; Matrix; Coordinate; General; 140; 301; 2612; Real; -1; 1; 2; 2; 4; 20896; 15954; 15954; 5506
lp_israel.mtx; Matrix; Coordinate; General; 174; 316; 2443; Real; -1600; 1600; 2; 2; 4; 19544; 15008; 15008; 10122
lp_kb2.mtx; Matrix; Coordinate; General; 43; 68; 313; Real; -107.52; 113; 2; 2; 4; 2504; 1966; 1966; 1027
lp_ken_18.mtx; Matrix; Coordinate; General; 105127; 154699; 358171; Integer; -1; 1; 4; 4; 4; 4298052; 3285880; 2437898; 1005214
lp_lotfi.mtx; Matrix; Coordinate; General; 153; 366; 1136; Real; -475; 1000; 2; 2; 4; 9088; 7124; 7124; 4852
lp_nug05.mtx; Matrix; Coordinate; General; 210; 225; 1050; Integer; -1; 1; 2; 2; 4; 8400; 6722; 6722; 2522
lp_nug06.mtx; Matrix; Coordinate; General; 372; 486; 2232; Integer; -1; 1; 2; 2; 4; 17856; 14138; 14138; 5210
lp_nug07.mtx; Matrix; Coordinate; General; 602; 931; 4214; Integer; -1; 1; 2; 2; 4; 33712; 26490; 26490; 9634
lp_recipe.mtx; Matrix; Coordinate; General; 91; 204; 687; Real; -93; 145; 2; 2; 4; 5496; 4306; 4306; 2245
lp_sc105.mtx; Matrix; Coordinate; General; 105; 163; 340; Real; -1; 2; 2; 2; 4; 2720; 2252; 2252; 1232
lp_sc205.mtx; Matrix; Coordinate; General; 205; 317; 665; Real; -1; 2; 2; 2; 4; 5320; 4402; 4402; 2407
lp_sc50a.mtx; Matrix; Coordinate; General; 50; 78; 160; Real; -1; 2; 2; 2; 4; 1280; 1062; 1062; 582
lp_sc50b.mtx; Matrix; Coordinate; General; 50; 78; 148; Real; -1; 3; 2; 2; 4; 1184; 990; 990; 546
lp_scagr25.mtx; Matrix; Coordinate; General; 471; 671; 1725; Real; -9.32; 1.5; 2; 2; 4; 13800; 11294; 11294; 4394
lp_scagr7.mtx; Matrix; Coordinate; General; 129; 185; 465; Real; -9.32; 1.5; 2; 2; 4; 3720; 3050; 3050; 1190
lp_scfxm1.mtx; Matrix; Coordinate; General; 330; 600; 2732; Real; -130; 99; 2; 2; 4; 21856; 17054; 17054; 8858
lp_scorpion.mtx; Matrix; Coordinate; General; 388; 466; 1534; Real; -1; 1; 2; 2; 4; 12272; 9982; 9982; 3846
lp_scsd1.mtx; Matrix; Coordinate; General; 77; 760; 2388; Real; -1; 1; 2; 2; 4; 19104; 14484; 14484; 4932
lp_sctap1.mtx; Matrix; Coordinate; General; 300; 660; 1872; Integer; -33; 80; 2; 2; 4; 14976; 11834; 11834; 6218
lp_share1b.mtx; Matrix; Coordinate; General; 117; 253; 1179; Real; -479.56; 1322.23; 2; 2; 4; 9432; 7310; 7310; 4952
lp_share2b.mtx; Matrix; Coordinate; General; 96; 162; 777; Real; -103; 101; 2; 2; 4; 6216; 4856; 4856; 2525
lp_stair.mtx; Matrix; Coordinate; General; 356; 614; 4003; Real; -3; 9.85263; 2; 2; 4; 32024; 24732; 24732; 12723
lp_stocfor1.mtx; Matrix; Coordinate; General; 117; 165; 501; Real; -1; 336.6; 2; 2; 4; 4008; 3242; 3242; 2240
lp_tuff.mtx; Matrix; Coordinate; General; 333; 628; 4561; Real; -240; 10000; 2; 2; 4; 36488; 27972; 27972; 18850
lp_vtp_base.mtx; Matrix; Coordinate; General; 198; 346; 1051; Real; -300; 4000; 2; 2; 4; 8408; 6704; 6704; 4602
lshp_265.mtx; Matrix; Coordinate; Symmetric; 265; 265; 1009; Pattern; 1; 1; 2; 2; 2; 12108; 8604; 8604; 4568
lshp_406.mtx; Matrix; Coordinate; Symmetric; 406; 406; 1561; Pattern; 1; 1; 2; 2; 2; 18732; 13302; 13302; 7058
lshp_577.mtx; Matrix; Coordinate; Symmetric; 577; 577; 2233; Pattern; 1; 1; 2; 2; 2; 26796; 19020; 19020; 10088
lshp_778.mtx; Matrix; Coordinate; Symmetric; 778; 778; 3025; Pattern; 1; 1; 2; 2; 2; 36300; 25758; 25758; 13658
lund_a.mtx; Matrix; Coordinate; Symmetric; 147; 147; 1298; Real; -1.21795e+07; 1.5e+08; 2; 2; 4; 20768; 14990; 14990; 14990
lund_b.mtx; Matrix; Coordinate; Symmetric; 147; 147; 1294; Real; -714.286; 3775.51; 2; 2; 4; 20704; 14942; 14942; 10060
lung2.mtx; Matrix; Coordinate; General; 109460; 109460; 492564; Real; -248.922; 262.578; 4; 4; 4; 5910768; 4378356; 3175140; 2190012
luxembourg_osm.mtx; Matrix; Coordinate; Symmetric; 114599; 114599; 119666; Pattern; 1; 1; 4; 4; 2; 2393320; 1894392; 1204800; 726136
M10PI_n.mtx; Matrix; Coordinate; General; 682; 682; 1633; Real; -66.7931; 1.0305; 2; 2; 4; 13064; 11164; 11164; 4632
M10PI_n1.mtx; Matrix; Coordinate; General; 528; 528; 1317; Real; -2.93035; 1.0305; 2; 2; 4; 10536; 8958; 8958; 3690
ma2010.mtx; Matrix; Coordinate; Symmetric; 157508; 157508; 388305; Integer; 39; 7.01832e+06; 4; 4; 4; 9319320; 6842916; 4994972; 4218362
majorbasis.mtx; Matrix; Coordinate; General; 160000; 160000; 1750416; Real; -41.0564; 99.9605; 4; 4; 4; 21004992; 14643332; 11316910; 6065662
Maragal_1.mtx; Matrix; Coordinate; General; 32; 14; 234; Real; -1.65679; 1.94681; 2; 2; 4; 1872; 1470; 1470; 534
Maragal_2.mtx; Matrix; Coordinate; General; 555; 350; 4357; Real; -2.61698; 2.11915; 2; 2; 4; 34856; 27216; 27216; 14145
matrix-new_3.mtx; Matrix; Coordinate; General; 125329; 125329; 2678750; Real; -1; 1; 4; 4; 4; 32145000; 21931320; 16343376; 5628376
matrix_9.mtx; Matrix; Coordinate; General; 103430; 103430; 2121550; Real; -1; 1; 4; 4; 4; 25458600; 17386124; 12953702; 4467502
mbeacxc.mtx; Matrix; Coordinate; General; 496; 496; 49920; Real; -0.0248691; 0.74266; 2; 2; 4; 399360; 300418; 300418; 100738
mbeaflw.mtx; Matrix; Coordinate; General; 496; 496; 49920; Real; -3.8; 15490.2; 2; 2; 4; 399360; 300418; 300418; 200578
mbeause.mtx; Matrix; Coordinate; General; 496; 496; 41063; Real; -3.9; 18108.6; 2; 2; 4; 328504; 247276; 247276; 165150
mcca.mtx; Matrix; Coordinate; General; 180; 180; 2659; Real; -1.54994e+19; 9.31139e+18; 2; 2; 4; 21272; 16316; 16316; 3489666608
mcfe.mtx; Matrix; Coordinate; General; 765; 765; 24382; Real; -1.23853e+17; 3.15284e+16; 2; 2; 4; 195056; 147824; 147824; 147824
md2010.mtx; Matrix; Coordinate; Symmetric; 145247; 145247; 350189; Integer; 9; 3.37338e+06; 4; 4; 4; 8404536; 6184016; 4502062; 3801684
me2010.mtx; Matrix; Coordinate; Symmetric; 69518; 69518; 167738; Integer; 80; 6.1213e+06; 4; 4; 4; 4025712; 2961884; 2162306; 1826830
mesh1e1.mtx; Matrix; Coordinate; Symmetric; 48; 48; 177; Real; -0.405002; 5.96844; 2; 2; 4; 2832; 1934; 1934; 1016
mesh1em1.mtx; Matrix; Coordinate; Symmetric; 48; 48; 177; Real; -9.92783; 22.3193; 2; 2; 4; 2832; 1934; 1934; 1016
mesh1em6.mtx; Matrix; Coordinate; Symmetric; 48; 48; 177; Real; -0.523367; 5.29145; 2; 2; 4; 2832; 1934; 1934; 1016
mesh2e1.mtx; Matrix; Coordinate; Symmetric; 306; 306; 1162; Real; -1.22321; 246.35; 2; 2; 4; 18592; 12722; 12722; 6668
mesh2em5.mtx; Matrix; Coordinate; Symmetric; 306; 306; 1162; Real; -0.759954; 146.824; 2; 2; 4; 18592; 12722; 12722; 6668
mesh3e1.mtx; Matrix; Coordinate; Symmetric; 289; 289; 1089; Real; 0; 5; 2; 2; 4; 17424; 11914; 11914; 6247
mesh3em5.mtx; Matrix; Coordinate; Symmetric; 289; 289; 1089; Real; 0; 3; 2; 2; 4; 17424; 11914; 11914; 6247
mhda416.mtx; Matrix; Coordinate; General; 416; 416; 8562; Real; -508.165; 2383.29; 2; 2; 4; 68496; 52206; 52206; 35082
mhdb416.mtx; Matrix; Coordinate; Symmetric; 416; 416; 1364; Real; -0.166668; 1.66667; 2; 2; 4; 21824; 14706; 14706; 5458
mk10-b1.mtx; Matrix; Coordinate; General; 630; 45; 1260; Integer; -1; 1; 2; 2; 4; 10080; 8822; 8822; 3782
mk11-b1.mtx; Matrix; Coordinate; General; 990; 55; 1980; Integer; -1; 1; 2; 2; 4; 15840; 13862; 13862; 5942
mk9-b1.mtx; Matrix; Coordinate; General; 378; 36; 756; Integer; -1; 1; 2; 2; 4; 6048; 5294; 5294; 2270
model1.mtx; Matrix; Coordinate; General; 362; 798; 3028; Real; -1; 3; 2; 2; 4; 24224; 18894; 18894; 9810
mri1.mtx; Matrix; Coordinate; General; 65536; 147456; 589824; Real; 0.0066227; 1; 4; 4; 4; 7077888; 4980740; 3671522; 1312226
msc00726.mtx; Matrix; Coordinate; Symmetric; 726; 726; 17622; Real; -2.95379e+08; 1.62255e+09; 2; 2; 4; 281952; 208562; 208562; 208562
mt2010.mtx; Matrix; Coordinate; Symmetric; 132288; 132288; 319334; Integer; 19; 4.60863e+07; 4; 4; 4; 7664016; 5638500; 4117960; 4117960
mycielskian10.mtx; Matrix; Coordinate; Symmetric; 767; 767; 22196; Pattern; 1; 1; 2; 2; 2; 266352; 179104; 179104; 90320
mycielskian17.mtx; Matrix; Coordinate; Symmetric; 98303; 98303; 50122871; Pattern; 1; 1; 4; 4; 2; 1002457420; 601867668; 401376192; 200884708
mycielskian2.mtx; Matrix; Coordinate; Symmetric; 2; 2; 1; Pattern; 1; 1; 2; 2; 2; 12; 14; 14; 10
mycielskian3.mtx; Matrix; Coordinate; Symmetric; 5; 5; 5; Pattern; 1; 1; 2; 2; 2; 60; 52; 52; 32
mycielskian4.mtx; Matrix; Coordinate; Symmetric; 11; 11; 20; Pattern; 1; 1; 2; 2; 2; 240; 184; 184; 104
mycielskian5.mtx; Matrix; Coordinate; Symmetric; 23; 23; 71; Pattern; 1; 1; 2; 2; 2; 852; 616; 616; 332
mycielskian6.mtx; Matrix; Coordinate; Symmetric; 47; 47; 236; Pattern; 1; 1; 2; 2; 2; 2832; 1984; 1984; 1040
mycielskian7.mtx; Matrix; Coordinate; Symmetric; 95; 95; 755; Pattern; 1; 1; 2; 2; 2; 9060; 6232; 6232; 3212
mycielskian8.mtx; Matrix; Coordinate; Symmetric; 191; 191; 2360; Pattern; 1; 1; 2; 2; 2; 28320; 19264; 19264; 9824
mycielskian9.mtx; Matrix; Coordinate; Symmetric; 383; 383; 7271; Pattern; 1; 1; 2; 2; 2; 87252; 58936; 58936; 29852
m_t1.mtx; Matrix; Coordinate; Symmetric; 97578; 97578; 4925574; Real; -2.32231e+11; 5.22044e+11; 4; 4; 4; 118213776; 78418876; 58731984; 58731984
n2c6-b1.mtx; Matrix; Coordinate; General; 105; 15; 210; Integer; -1; 1; 2; 2; 4; 1680; 1472; 1472; 632
n2c6-b10.mtx; Matrix; Coordinate; General; 30; 306; 330; Integer; -1; 1; 2; 2; 4; 2640; 2042; 2042; 722
n2c6-b2.mtx; Matrix; Coordinate; General; 455; 105; 1365; Integer; -1; 1; 2; 2; 4; 10920; 9102; 9102; 3642
n3c5-b1.mtx; Matrix; Coordinate; General; 45; 10; 90; Integer; -1; 1; 2; 2; 4; 720; 632; 632; 272
n3c5-b2.mtx; Matrix; Coordinate; General; 120; 45; 360; Integer; -1; 1; 2; 2; 4; 2880; 2402; 2402; 962
n3c5-b3.mtx; Matrix; Coordinate; General; 210; 120; 840; Integer; -1; 1; 2; 2; 4; 6720; 5462; 5462; 2102
n3c5-b4.mtx; Matrix; Coordinate; General; 252; 210; 1260; Integer; -1; 1; 2; 2; 4; 10080; 8066; 8066; 3026
n3c5-b5.mtx; Matrix; Coordinate; General; 210; 252; 1260; Integer; -1; 1; 2; 2; 4; 10080; 7982; 7982; 2942
n3c5-b6.mtx; Matrix; Coordinate; General; 120; 210; 840; Integer; -1; 1; 2; 2; 4; 6720; 5282; 5282; 1922
n3c5-b7.mtx; Matrix; Coordinate; General; 30; 120; 240; Integer; -1; 1; 2; 2; 4; 1920; 1502; 1502; 542
n3c6-b1.mtx; Matrix; Coordinate; General; 105; 105; 210; Integer; -1; 1; 2; 2; 4; 1680; 1472; 1472; 632
n3c6-b11.mtx; Matrix; Coordinate; General; 60; 675; 720; Integer; -1; 1; 2; 2; 4; 5760; 4442; 4442; 1562
n3c6-b2.mtx; Matrix; Coordinate; General; 455; 105; 1365; Integer; -1; 1; 2; 2; 4; 10920; 9102; 9102; 3642
n4c5-b1.mtx; Matrix; Coordinate; General; 105; 15; 210; Integer; -1; 1; 2; 2; 4; 1680; 1472; 1472; 632
n4c5-b10.mtx; Matrix; Coordinate; General; 120; 630; 1320; Integer; -1; 1; 2; 2; 4; 10560; 8162; 8162; 2882
n4c5-b11.mtx; Matrix; Coordinate; General; 10; 120; 120; Integer; -1; 1; 2; 2; 4; 960; 742; 742; 262
n4c5-b2.mtx; Matrix; Coordinate; General; 455; 105; 1365; Integer; -1; 1; 2; 2; 4; 10920; 9102; 9102; 3642
n4c6-b1.mtx; Matrix; Coordinate; General; 210; 21; 420; Integer; -1; 1; 2; 2; 4; 3360; 2942; 2942; 1262
n4c6-b11.mtx; Matrix; Coordinate; General; 69235; 132402; 830820; Integer; -1; 1; 4; 4; 4; 9969840; 6923504; 5209098; 1885818
n4c6-b15.mtx; Matrix; Coordinate; General; 60; 920; 960; Integer; -1; 1; 2; 2; 4; 7680; 5882; 5882; 2042
n4c6-b7.mtx; Matrix; Coordinate; General; 163215; 104115; 1305720; Integer; -1; 1; 4; 4; 4; 15668640; 11098624; 8300146; 3077266
ncvxqp3.mtx; Matrix; Coordinate; Symmetric; 75000; 75000; 274982; Real; -425000; 150000; 4; 4; 4; 6599568; 4299716; 3195494; 2695530
ncvxqp7.mtx; Matrix; Coordinate; Symmetric; 87500; 87500; 312481; Real; -475000; 16660.2; 4; 4; 4; 7499544; 4949700; 3691142; 2541218
nd2010.mtx; Matrix; Coordinate; Symmetric; 133769; 133769; 312973; Integer; 40; 6.7299e+06; 4; 4; 4; 7511352; 5542648; 4045874; 3419928
nd24k.mtx; Matrix; Coordinate; Symmetric; 72000; 72000; 14393817; Real; -633.354; 1075; 4; 4; 4; 345451608; 230013076; 172510048; 115078780
neos1.mtx; Matrix; Coordinate; General; 131581; 133473; 599590; Integer; -1; 1; 4; 4; 4; 7195080; 5323048; 4122868; 1724508
neos2.mtx; Matrix; Coordinate; General; 132568; 134128; 685087; Integer; -1; 1; 4; 4; 4; 8221044; 6010972; 4637824; 1897476
netz4504_dual.mtx; Matrix; Coordinate; Symmetric; 615; 615; 1171; Pattern; 1; 1; 2; 2; 2; 14052; 10600; 10600; 5916
nnc261.mtx; Matrix; Coordinate; General; 261; 261; 1500; Real; -230; 230; 2; 2; 4; 12000; 9524; 9524; 5024
nnc666.mtx; Matrix; Coordinate; General; 666; 666; 4044; Real; -230; 230; 2; 2; 4; 32352; 25598; 25598; 13466
nos1.mtx; Matrix; Coordinate; Symmetric; 237; 237; 627; Integer; -6.144e+08; 1.2288e+09; 2; 2; 4; 10032; 6578; 6578; 6578
nos2.mtx; Matrix; Coordinate; Symmetric; 957; 957; 2547; Real; -3.93216e+10; 7.86432e+10; 2; 2; 4; 40752; 26738; 26738; 26738
nos3.mtx; Matrix; Coordinate; Symmetric; 960; 960; 8402; Real; -107.898; 264.379; 2; 2; 4; 134432; 96986; 96986; 65298
nos4.mtx; Matrix; Coordinate; Symmetric; 100; 100; 347; Real; -0.2; 0.435777; 2; 2; 4; 5552; 3766; 3766; 1390
nos5.mtx; Matrix; Coordinate; Symmetric; 468; 468; 2820; Real; -115200; 427200; 2; 2; 4; 45120; 31970; 31970; 26798
nos6.mtx; Matrix; Coordinate; Symmetric; 675; 675; 1965; Real; -1e+06; 4e+06; 2; 2; 4; 31440; 20882; 20882; 17627
nos7.mtx; Matrix; Coordinate; Symmetric; 729; 729; 2673; Real; -1e+06; 6e+06; 2; 2; 4; 42768; 29162; 29162; 24545
nsic.mtx; Matrix; Coordinate; General; 465; 897; 3449; Integer; -500640; 1; 2; 2; 4; 27592; 21626; 21626; 7830
nv1.mtx; Matrix; Coordinate; General; 75468; 75468; 2449194; Real; -1.8616e+16; 1.36725e+16; 4; 4; 4; 29390328; 19895428; 14882862; 14882862
nv2010.mtx; Matrix; Coordinate; Symmetric; 84538; 84538; 208499; Integer; 22; 8.97053e+06; 4; 4; 4; 5003976; 3674140; 2677148; 2260150
odepa400.mtx; Matrix; Coordinate; General; 400; 400; 1201; Real; -2; 4; 2; 2; 4; 9608; 8008; 8008; 4405
odepb400.mtx; Matrix; Coordinate; Symmetric; 400; 400; 399; Real; 1.33e-14; 2.66e-14; 2; 2; 4; 6384; 3194; 3194; 1598
oilpan.mtx; Matrix; Coordinate; Symmetric; 73752; 73752; 1835470; Real; -1.26137e+07; 1.27155e+07; 4; 4; 4; 44051280; 29072516; 21733752; 18136564
olesnik0.mtx; Matrix; Coordinate; Symmetric; 88263; 88263; 402623; Real; -221.25; 650.208; 4; 4; 4; 9662952; 6306784; 4743846; 3255414
olm100.mtx; Matrix; Coordinate; General; 100; 100; 396; Real; -474.366; 237.183; 2; 2; 4; 3168; 2578; 2578; 1390
olm1000.mtx; Matrix; Coordinate; General; 1000; 1000; 3996; Real; -45777.1; 22888.5; 2; 2; 4; 31968; 25978; 25978; 17986
olm500.mtx; Matrix; Coordinate; General; 500; 500; 1996; Real; -11490; 5745; 2; 2; 4; 15968; 12978; 12978; 8986
onera_dual.mtx; Matrix; Coordinate; Symmetric; 85567; 85567; 252384; Pattern; 1; 1; 4; 4; 2; 5047680; 3370880; 2227084; 1217548
orbitRaising_1.mtx; Matrix; Coordinate; Symmetric; 442; 442; 1573; Real; -44.8711; 387.707; 2; 2; 4; 25168; 18322; 18322; 12510
orbitRaising_2.mtx; Matrix; Coordinate; Symmetric; 739; 739; 3464; Real; -26.9345; 45.3421; 2; 2; 4; 55424; 40636; 40636; 21058
orbitRaising_3.mtx; Matrix; Coordinate; Symmetric; 761; 761; 3256; Real; -26.9331; 100.933; 2; 2; 4; 52096; 38112; 38112; 19818
orbitRaising_4.mtx; Matrix; Coordinate; Symmetric; 915; 915; 4144; Real; -26.9346; 106.297; 2; 2; 4; 66304; 48572; 48572; 25202
orsirr_2.mtx; Matrix; Coordinate; General; 886; 886; 5970; Real; -267560; 266667; 2; 2; 4; 47760; 37594; 37594; 31624
oscil_dcop_01.mtx; Matrix; Coordinate; General; 430; 430; 1544; Real; -1e+06; 1.00201e+06; 2; 2; 4; 12352; 10126; 10126; 8582
oscil_dcop_02.mtx; Matrix; Coordinate; General; 430; 430; 1544; Real; -1e+06; 1.00201e+06; 2; 2; 4; 12352; 10126; 10126; 8582
oscil_dcop_03.mtx; Matrix; Coordinate; General; 430; 430; 1544; Real; -1e+06; 1.00201e+06; 2; 2; 4; 12352; 10126; 10126; 8582
oscil_dcop_04.mtx; Matrix; Coordinate; General; 430; 430; 1544; Real; -1e+06; 1.00201e+06; 2; 2; 4; 12352; 10126; 10126; 8582
oscil_dcop_05.mtx; Matrix; Coordinate; General; 430; 430; 1544; Real; -1e+06; 1.00201e+06; 2; 2; 4; 12352; 10126; 10126; 8582
oscil_dcop_06.mtx; Matrix; Coordinate; General; 430; 430; 1544; Real; -1e+06; 1.00201e+06; 2; 2; 4; 12352; 10126; 10126; 8582
oscil_dcop_07.mtx; Matrix; Coordinate; General; 430; 430; 1544; Real; -1e+06; 1.00201e+06; 2; 2; 4; 12352; 10126; 10126; 8582
oscil_dcop_08.mtx; Matrix; Coordinate; General; 430; 430; 1544; Real; -1e+06; 1.00201e+06; 2; 2; 4; 12352; 10126; 10126; 8582
oscil_dcop_09.mtx; Matrix; Coordinate; General; 430; 430; 1544; Real; -1e+06; 1.00201e+06; 2; 2; 4; 12352; 10126; 10126; 8582
oscil_dcop_10.mtx; Matrix; Coordinate; General; 430; 430; 1544; Real; -1e+06; 1.00201e+06; 2; 2; 4; 12352; 10126; 10126; 8582
oscil_dcop_11.mtx; Matrix; Coordinate; General; 430; 430; 1544; Real; -1e+06; 1.00201e+06; 2; 2; 4; 12352; 10126; 10126; 8582
oscil_dcop_12.mtx; Matrix; Coordinate; General; 430; 430; 1544; Real; -1e+06; 1.00201e+06; 2; 2; 4; 12352; 10126; 10126; 8582
oscil_dcop_13.mtx; Matrix; Coordinate; General; 430; 430; 1544; Real; -1e+06; 1.00201e+06; 2; 2; 4; 12352; 10126; 10126; 8582
oscil_dcop_14.mtx; Matrix; Coordinate; General; 430; 430; 1544; Real; -1e+06; 1.00201e+06; 2; 2; 4; 12352; 10126; 10126; 8582
oscil_dcop_15.mtx; Matrix; Coordinate; General; 430; 430; 1544; Real; -1e+06; 1.00201e+06; 2; 2; 4; 12352; 10126; 10126; 8582
oscil_dcop_16.mtx; Matrix; Coordinate; General; 430; 430; 1544; Real; -1e+06; 1.00201e+06; 2; 2; 4; 12352; 10126; 10126; 8582
oscil_dcop_17.mtx; Matrix; Coordinate; General; 430; 430; 1544; Real; -1e+06; 1.00201e+06; 2; 2; 4; 12352; 10126; 10126; 8582
oscil_dcop_18.mtx; Matrix; Coordinate; General; 430; 430; 1544; Real; -1e+06; 1.00201e+06; 2; 2; 4; 12352; 10126; 10126; 8582
oscil_dcop_19.mtx; Matrix; Coordinate; General; 430; 430; 1544; Real; -1e+06; 1.00201e+06; 2; 2; 4; 12352; 10126; 10126; 8582
oscil_dcop_20.mtx; Matrix; Coordinate; General; 430; 430; 1544; Real; -1e+06; 1.00201e+06; 2; 2; 4; 12352; 10126; 10126; 8582
oscil_dcop_21.mtx; Matrix; Coordinate; General; 430; 430; 1544; Real; -1e+06; 1.00201e+06; 2; 2; 4; 12352; 10126; 10126; 8582
oscil_dcop_22.mtx; Matrix; Coordinate; General; 430; 430; 1544; Real; -1e+06; 1.00201e+06; 2; 2; 4; 12352; 10126; 10126; 8582
oscil_dcop_23.mtx; Matrix; Coordinate; General; 430; 430; 1544; Real; -1e+06; 1.00201e+06; 2; 2; 4; 12352; 10126; 10126; 8582
oscil_dcop_24.mtx; Matrix; Coordinate; General; 430; 430; 1544; Real; -1e+06; 1.00201e+06; 2; 2; 4; 12352; 10126; 10126; 8582
oscil_dcop_25.mtx; Matrix; Coordinate; General; 430; 430; 1544; Real; -1e+06; 1.00201e+06; 2; 2; 4; 12352; 10126; 10126; 8582
oscil_dcop_26.mtx; Matrix; Coordinate; General; 430; 430; 1544; Real; -1e+06; 1.00201e+06; 2; 2; 4; 12352; 10126; 10126; 8582
oscil_dcop_27.mtx; Matrix; Coordinate; General; 430; 430; 1544; Real; -1e+06; 1.00201e+06; 2; 2; 4; 12352; 10126; 10126; 8582
oscil_dcop_28.mtx; Matrix; Coordinate; General; 430; 430; 1544; Real; -1e+06; 1.00201e+06; 2; 2; 4; 12352; 10126; 10126; 8582
oscil_dcop_29.mtx; Matrix; Coordinate; General; 430; 430; 1544; Real; -1e+06; 1.00201e+06; 2; 2; 4; 12352; 10126; 10126; 8582
oscil_dcop_30.mtx; Matrix; Coordinate; General; 430; 430; 1544; Real; -1e+06; 1.00201e+06; 2; 2; 4; 12352; 10126; 10126; 8582
oscil_dcop_31.mtx; Matrix; Coordinate; General; 430; 430; 1544; Real; -1e+06; 1.00201e+06; 2; 2; 4; 12352; 10126; 10126; 8582
oscil_dcop_32.mtx; Matrix; Coordinate; General; 430; 430; 1544; Real; -1e+06; 1.00201e+06; 2; 2; 4; 12352; 10126; 10126; 8582
oscil_dcop_33.mtx; Matrix; Coordinate; General; 430; 430; 1544; Real; -1e+06; 1.00201e+06; 2; 2; 4; 12352; 10126; 10126; 8582
oscil_dcop_34.mtx; Matrix; Coordinate; General; 430; 430; 1544; Real; -1e+06; 1.00201e+06; 2; 2; 4; 12352; 10126; 10126; 8582
oscil_dcop_35.mtx; Matrix; Coordinate; General; 430; 430; 1544; Real; -1e+06; 1.00201e+06; 2; 2; 4; 12352; 10126; 10126; 8582
oscil_dcop_36.mtx; Matrix; Coordinate; General; 430; 430; 1544; Real; -1e+06; 1.00201e+06; 2; 2; 4; 12352; 10126; 10126; 8582
oscil_dcop_37.mtx; Matrix; Coordinate; General; 430; 430; 1544; Real; -1e+06; 1.00201e+06; 2; 2; 4; 12352; 10126; 10126; 8582
oscil_dcop_38.mtx; Matrix; Coordinate; General; 430; 430; 1544; Real; -1e+06; 1.00201e+06; 2; 2; 4; 12352; 10126; 10126; 8582
oscil_dcop_39.mtx; Matrix; Coordinate; General; 430; 430; 1544; Real; -1e+06; 1.00201e+06; 2; 2; 4; 12352; 10126; 10126; 8582
oscil_dcop_40.mtx; Matrix; Coordinate; General; 430; 430; 1544; Real; -1e+06; 1.00201e+06; 2; 2; 4; 12352; 10126; 10126; 8582
oscil_dcop_41.mtx; Matrix; Coordinate; General; 430; 430; 1544; Real; -1e+06; 1.00201e+06; 2; 2; 4; 12352; 10126; 10126; 8582
oscil_dcop_42.mtx; Matrix; Coordinate; General; 430; 430; 1544; Real; -1e+06; 1.00201e+06; 2; 2; 4; 12352; 10126; 10126; 8582
oscil_dcop_43.mtx; Matrix; Coordinate; General; 430; 430; 1544; Real; -1e+06; 1.00201e+06; 2; 2; 4; 12352; 10126; 10126; 8582
oscil_dcop_44.mtx; Matrix; Coordinate; General; 430; 430; 1544; Real; -1e+06; 1.00201e+06; 2; 2; 4; 12352; 10126; 10126; 8582
oscil_dcop_45.mtx; Matrix; Coordinate; General; 430; 430; 1544; Real; -1e+06; 1.00201e+06; 2; 2; 4; 12352; 10126; 10126; 8582
oscil_dcop_46.mtx; Matrix; Coordinate; General; 430; 430; 1544; Real; -1e+06; 1.00201e+06; 2; 2; 4; 12352; 10126; 10126; 8582
oscil_dcop_47.mtx; Matrix; Coordinate; General; 430; 430; 1544; Real; -1e+06; 1.00201e+06; 2; 2; 4; 12352; 10126; 10126; 8582
oscil_dcop_48.mtx; Matrix; Coordinate; General; 430; 430; 1544; Real; -1e+06; 1.00201e+06; 2; 2; 4; 12352; 10126; 10126; 8582
oscil_dcop_49.mtx; Matrix; Coordinate; General; 430; 430; 1544; Real; -1e+06; 1.00201e+06; 2; 2; 4; 12352; 10126; 10126; 8582
oscil_dcop_50.mtx; Matrix; Coordinate; General; 430; 430; 1544; Real; -1e+06; 1.00201e+06; 2; 2; 4; 12352; 10126; 10126; 8582
oscil_dcop_51.mtx; Matrix; Coordinate; General; 430; 430; 1544; Real; -1e+06; 1.00201e+06; 2; 2; 4; 12352; 10126; 10126; 8582
oscil_dcop_52.mtx; Matrix; Coordinate; General; 430; 430; 1544; Real; -1e+06; 1.00201e+06; 2; 2; 4; 12352; 10126; 10126; 8582
oscil_dcop_53.mtx; Matrix; Coordinate; General; 430; 430; 1544; Real; -1e+06; 1.00201e+06; 2; 2; 4; 12352; 10126; 10126; 8582
oscil_dcop_54.mtx; Matrix; Coordinate; General; 430; 430; 1544; Real; -1e+06; 1.00201e+06; 2; 2; 4; 12352; 10126; 10126; 8582
oscil_dcop_55.mtx; Matrix; Coordinate; General; 430; 430; 1544; Real; -1e+06; 1.00201e+06; 2; 2; 4; 12352; 10126; 10126; 8582
oscil_dcop_56.mtx; Matrix; Coordinate; General; 430; 430; 1544; Real; -1e+06; 1.00201e+06; 2; 2; 4; 12352; 10126; 10126; 8582
oscil_dcop_57.mtx; Matrix; Coordinate; General; 430; 430; 1544; Real; -1e+06; 1.00201e+06; 2; 2; 4; 12352; 10126; 10126; 8582
oscil_trans_01.mtx; Matrix; Coordinate; General; 430; 430; 1614; Real; -1e+06; 1.00201e+06; 2; 2; 4; 12912; 10546; 10546; 8932
p0033.mtx; Matrix; Coordinate; General; 15; 48; 113; Integer; -400; 400; 2; 2; 4; 904; 710; 710; 484
p0040.mtx; Matrix; Coordinate; General; 23; 63; 133; Integer; -2220; 1; 2; 2; 4; 1064; 846; 846; 314
p0201.mtx; Matrix; Coordinate; General; 133; 334; 2056; Integer; -64; 64; 2; 2; 4; 16448; 12604; 12604; 6436
p0282.mtx; Matrix; Coordinate; General; 241; 523; 2207; Integer; -204; 4; 2; 2; 4; 17656; 13726; 13726; 7105
p0291.mtx; Matrix; Coordinate; General; 252; 543; 2283; Real; -52; 20.4; 2; 2; 4; 18264; 14204; 14204; 7355
p0548.mtx; Matrix; Coordinate; General; 176; 724; 1887; Integer; -9999; 9999; 2; 2; 4; 15096; 11676; 11676; 7902
para-10.mtx; Matrix; Coordinate; General; 155924; 155924; 5416358; Real; -6.56319e+11; 6.44163e+11; 4; 4; 4; 64996296; 43954564; 33315920; 33315920
para-4.mtx; Matrix; Coordinate; General; 153226; 153226; 5326228; Real; -6.56319e+11; 6.44163e+11; 4; 4; 4; 63914736; 43222732; 32748152; 32748152
para-5.mtx; Matrix; Coordinate; General; 155924; 155924; 5416358; Real; -6.56319e+11; 6.44163e+11; 4; 4; 4; 64996296; 43954564; 33315920; 33315920
para-6.mtx; Matrix; Coordinate; General; 155924; 155924; 5416358; Real; -6.56319e+11; 6.44163e+11; 4; 4; 4; 64996296; 43954564; 33315920; 33315920
para-7.mtx; Matrix; Coordinate; General; 155924; 155924; 5416358; Real; -6.56319e+11; 6.44163e+11; 4; 4; 4; 64996296; 43954564; 33315920; 33315920
para-8.mtx; Matrix; Coordinate; General; 155924; 155924; 5416358; Real; -2.90982e+12; 2.90696e+12; 4; 4; 4; 64996296; 43954564; 33315920; 33315920
para-9.mtx; Matrix; Coordinate; General; 155924; 155924; 5416358; Real; -1.13002e+12; 1.12718e+12; 4; 4; 4; 64996296; 43954564; 33315920; 33315920
pde225.mtx; Matrix; Coordinate; General; 225; 225; 1065; Real; -2.73227; 5.65078; 2; 2; 4; 8520; 6842; 6842; 3647
pde900.mtx; Matrix; Coordinate; General; 900; 900; 4380; Real; -2.51159; 5.88725; 2; 2; 4; 35040; 28082; 28082; 14942
pfinan512.mtx; Matrix; Coordinate; Symmetric; 74752; 74752; 335872; Pattern; 1; 1; 4; 4; 2; 6717440; 4329476; 2869620; 1526132
pivtol.mtx; Matrix; Coordinate; General; 102; 102; 306; Real; -1; 1; 2; 2; 4; 2448; 2042; 2042; 818
pkustk10.mtx; Matrix; Coordinate; Symmetric; 80676; 80676; 2194830; Pattern; 1; 1; 4; 4; 2; 43896600; 26660668; 17731104; 8951784
pkustk11.mtx; Matrix; Coordinate; Symmetric; 87804; 87804; 2652858; Pattern; 1; 1; 4; 4; 2; 53057160; 32185516; 21413484; 10802052
pkustk12.mtx; Matrix; Coordinate; Symmetric; 94653; 94653; 3803485; Pattern; 1; 1; 4; 4; 2; 76069700; 46020436; 30664086; 15450146
pkustk13.mtx; Matrix; Coordinate; Symmetric; 94893; 94893; 3355860; Pattern; 1; 1; 4; 4; 2; 67117200; 40649896; 27059180; 13635740
pkustk14.mtx; Matrix; Coordinate; Symmetric; 151926; 151926; 7494215; Pattern; 1; 1; 4; 4; 2; 149884300; 90538288; 60304336; 30327476
plat362.mtx; Matrix; Coordinate; Symmetric; 362; 362; 3074; Real; -0.127298; 0.456552; 2; 2; 4; 49184; 35442; 35442; 12298
plskz362.mtx; Matrix; Coordinate; UnknownSymmetry; 362; 362; 880; Real; -0.373025; 0.353317; 2; 2; 4; 7040; 5748; 5748; 2228
poisson2D.mtx; Matrix; Coordinate; General; 367; 367; 2417; Real; -0.203596; 0.738402; 2; 2; 4; 19336; 15238; 15238; 5570
poisson3Db.mtx; Matrix; Coordinate; General; 85623; 85623; 2374949; Real; -0.471464; 0.622006; 4; 4; 4; 28499388; 19342088; 14505692; 5005896
polbooks.mtx; Matrix; Coordinate; Symmetric; 105; 105; 441; Pattern; 1; 1; 2; 2; 2; 5292; 3740; 3740; 1976
pores_1.mtx; Matrix; Coordinate; General; 30; 30; 180; Real; -2.46134e+07; 1.29343e+07; 2; 2; 4; 1440; 1142; 1142; 962
pores_3.mtx; Matrix; Coordinate; General; 532; 532; 3474; Real; -99637.2; 50640.1; 2; 2; 4; 27792; 21910; 21910; 14962
power9.mtx; Matrix; Coordinate; General; 155376; 155376; 2512300; Real; -1.93338e+22; 1.05502e+22; 4; 4; 4; 30147600; 20719908; 15843666; 1079536290
PR02R.mtx; Matrix; Coordinate; General; 161070; 161070; 8185136; Real; -3.62808e+10; 4.60251e+10; 4; 4; 4; 98221632; 66125372; 49459248; 49459248
preferentialAttachment.mtx; Matrix; Coordinate; Symmetric; 100000; 100000; 499985; Pattern; 1; 1; 4; 4; 2; 9999700; 6399824; 4347418; 2347478
problem.mtx; Matrix; Coordinate; General; 12; 46; 86; Integer; -1; 1; 2; 2; 4; 688; 542; 542; 198
problem1.mtx; Matrix; Coordinate; General; 415; 415; 2779; Real; -1.26459; 4.18141; 2; 2; 4; 22232; 17506; 17506; 9169
qa8fk.mtx; Matrix; Coordinate; Symmetric; 66127; 66127; 863353; Real; -0.0164737; 0.262243; 4; 4; 4; 20720472; 13549144; 10098248; 3455932
qa8fm.mtx; Matrix; Coordinate; Symmetric; 66127; 66127; 863353; Real; 4.40296e-06; 0.000281789; 4; 4; 4; 20720472; 13549144; 10098248; 3455932
qh768.mtx; Matrix; Coordinate; General; 768; 768; 2934; Real; -1.5809e+12; 1.3512e+13; 2; 2; 4; 23472; 19142; 19142; 19142
qh882.mtx; Matrix; Coordinate; General; 882; 882; 3354; Real; -8.1386e+11; 6.6841e+12; 2; 2; 4; 26832; 21890; 21890; 21890
QRpivot.mtx; Matrix; Coordinate; General; 660; 749; 3808; Real; -5.32247; 3; 2; 2; 4; 30464; 24170; 24170; 12746
Ragusa16.mtx; Matrix; Coordinate; General; 24; 24; 81; Integer; 1; 6; 2; 2; 4; 648; 526; 526; 283
Ragusa18.mtx; Matrix; Coordinate; General; 23; 23; 64; Integer; 1; 4; 2; 2; 4; 512; 428; 428; 236
rail_79841.mtx; Matrix; Coordinate; Symmetric; 79841; 79841; 316881; Real; -3.58984e-05; 1.29067e-05; 4; 4; 4; 7605144; 4750736; 3501478; 1285794
rajat05.mtx; Matrix; Coordinate; General; 301; 301; 1384; Real; -2.0472; 3.14159; 2; 2; 4; 11072; 8908; 8908; 4756
rajat11.mtx; Matrix; Coordinate; General; 135; 135; 812; Real; -0.833333; 15.0005; 2; 2; 4; 6496; 5144; 5144; 2708
rajat14.mtx; Matrix; Coordinate; General; 180; 180; 1503; Real; -36000; 54102.2; 2; 2; 4; 12024; 9380; 9380; 6374
rajat16.mtx; Matrix; Coordinate; General; 94294; 94294; 641159; Real; -760; 5800; 4; 4; 4; 7693908; 5506452; 4093994; 2811676
rajat17.mtx; Matrix; Coordinate; General; 94294; 94294; 641159; Real; -760; 5800; 4; 4; 4; 7693908; 5506452; 4093994; 2811676
rajat18.mtx; Matrix; Coordinate; General; 94294; 94294; 485143; Real; -760; 5800; 4; 4; 4; 5821716; 4258324; 3155568; 2185282
rbsa480.mtx; Matrix; Coordinate; General; 480; 480; 17088; Integer; -99; 99; 2; 2; 4; 136704; 103490; 103490; 52226
rbsb480.mtx; Matrix; Coordinate; General; 480; 480; 17088; Integer; -98; 99; 2; 2; 4; 136704; 103490; 103490; 52226
rdb200.mtx; Matrix; Coordinate; General; 200; 200; 1120; Real; -19.488; 4; 2; 2; 4; 8960; 7122; 7122; 3762
rdb200l.mtx; Matrix; Coordinate; General; 200; 200; 1120; Real; -7.872; 4; 2; 2; 4; 8960; 7122; 7122; 3762
rdb450.mtx; Matrix; Coordinate; General; 450; 450; 2580; Real; -36.768; 8.192; 2; 2; 4; 20640; 16382; 16382; 8642
rdb450l.mtx; Matrix; Coordinate; General; 450; 450; 2580; Real; -12.192; 4; 2; 2; 4; 20640; 16382; 16382; 8642
rdb800l.mtx; Matrix; Coordinate; General; 800; 800; 4640; Real; -18.112; 4; 2; 2; 4; 37120; 29442; 29442; 15522
rdb968.mtx; Matrix; Coordinate; General; 968; 968; 5632; Real; -20.928; 4.232; 2; 2; 4; 45056; 35730; 35730; 18834
refine.mtx; Matrix; Coordinate; General; 29; 62; 153; Real; -3.5; 66; 2; 2; 4; 1224; 978; 978; 519
rel3.mtx; Matrix; Coordinate; General; 12; 5; 18; Integer; -2; 1; 2; 2; 4; 144; 122; 122; 50
rel4.mtx; Matrix; Coordinate; General; 66; 12; 104; Integer; -2; 1; 2; 2; 4; 832; 682; 682; 266
rel5.mtx; Matrix; Coordinate; General; 340; 35; 656; Integer; -2; 1; 2; 2; 4; 5248; 4282; 4282; 1658
relat3.mtx; Matrix; Coordinate; General; 12; 5; 24; Integer; -2; 2; 2; 2; 4; 192; 162; 162; 90
relat4.mtx; Matrix; Coordinate; General; 66; 12; 172; Integer; -2; 2; 2; 2; 4; 1376; 1126; 1126; 610
relat5.mtx; Matrix; Coordinate; General; 340; 35; 1058; Integer; -2; 2; 2; 2; 4; 8464; 6902; 6902; 3728
reorientation_1.mtx; Matrix; Coordinate; Symmetric; 677; 677; 3861; Real; -1.42636e+06; 1.03352e+09; 2; 2; 4; 61776; 45312; 45312; 45312
rgg010.mtx; Matrix; Coordinate; General; 10; 10; 76; Pattern; 1; 1; 2; 2; 2; 456; 326; 326; 174
rgg_n_2_16_s0.mtx; Matrix; Coordinate; Symmetric; 65536; 65536; 342127; Pattern; 1; 1; 4; 4; 2; 6842540; 4367656; 2868104; 1499596
rgg_n_2_17_s0.mtx; Matrix; Coordinate; Symmetric; 131072; 131072; 728753; Pattern; 1; 1; 4; 4; 2; 14575060; 9269320; 6094860; 3179848
rkat7_mat5.mtx; Matrix; Coordinate; General; 694; 738; 38114; Integer; 1; 65520; 2; 2; 4; 304912; 230074; 230074; 153846
robot.mtx; Matrix; Coordinate; General; 120; 120; 870; Real; -70.237; 90.57; 2; 2; 4; 6960; 5462; 5462; 2852
robot24c1_mat5.mtx; Matrix; Coordinate; General; 404; 302; 15118; Integer; 1; 65520; 2; 2; 4; 120944; 91518; 91518; 61282
robot24c1_mat5_J.mtx; Matrix; Coordinate; General; 302; 404; 15118; Integer; 1; 65520; 2; 2; 4; 120944; 91314; 91314; 61078
rosen7.mtx; Matrix; Coordinate; General; 264; 776; 8034; Integer; -9; 9; 2; 2; 4; 64272; 48734; 48734; 24632
rotor1.mtx; Matrix; Coordinate; General; 100; 100; 708; Real; -10000; 40000; 2; 2; 4; 5664; 4450; 4450; 3034
rotor2.mtx; Matrix; Coordinate; General; 791; 791; 10685; Real; -228979; 371732; 2; 2; 4; 85480; 65694; 65694; 55009
rw136.mtx; Matrix; Coordinate; General; 136; 136; 479; Real; 0.0333333; 1; 2; 2; 4; 3832; 3148; 3148; 1232
rw496.mtx; Matrix; Coordinate; General; 496; 496; 1859; Real; 0.0166667; 1; 2; 2; 4; 14872; 12148; 12148; 4712
S10PI_n.mtx; Matrix; Coordinate; General; 682; 682; 1633; Real; -66.7931; 1.0305; 2; 2; 4; 13064; 11164; 11164; 4632
S10PI_n1.mtx; Matrix; Coordinate; General; 528; 528; 1317; Real; -2.93035; 1.0305; 2; 2; 4; 10536; 8958; 8958; 3690
s3dkq4m2.mtx; Matrix; Coordinate; Symmetric; 90449; 90449; 2455670; Real; -614.14; 2146.49; 4; 4; 4; 58936080; 38928928; 29108704; 19466922
s3dkt3m2.mtx; Matrix; Coordinate; Symmetric; 90449; 90449; 1921955; Real; -1150.76; 3219.73; 4; 4; 4; 46126920; 30389488; 22704124; 15197202
s4dkt3m2.mtx; Matrix; Coordinate; Symmetric; 90449; 90449; 1921955; Pattern; 1; 1; 4; 4; 2; 38439100; 23425260; 15558998; 7871178
Sandi_authors.mtx; Matrix; Coordinate; Symmetric; 86; 86; 124; Integer; 1; 7; 2; 2; 4; 1984; 1662; 1662; 918
Sandi_sandi.mtx; Matrix; Coordinate; General; 314; 360; 613; Pattern; 1; 1; 2; 2; 2; 3678; 3082; 3082; 1856
saylr1.mtx; Matrix; Coordinate; General; 238; 238; 1128; Real; -3.0614e+08; 1.5307e+08; 2; 2; 4; 9024; 7246; 7246; 7246
saylr3.mtx; Matrix; Coordinate; Symmetric; 1000; 1000; 2375; Real; -2.682; 2.254; 2; 2; 4; 38000; 24502; 24502; 13252
sd2010.mtx; Matrix; Coordinate; Symmetric; 88360; 88360; 205361; Integer; 31; 3.91678e+07; 4; 4; 4; 4928664; 3639220; 2648330; 2648330
shallow_water1.mtx; Matrix; Coordinate; Symmetric; 81920; 81920; 204800; Real; -3.58326e+09; 1.39687e+10; 4; 4; 4; 4915200; 2949124; 2131466; 2131466
shallow_water2.mtx; Matrix; Coordinate; Symmetric; 81920; 81920; 204800; Real; -1.43327e+10; 3.57031e+10; 4; 4; 4; 4915200; 2949124; 2131466; 2131466
sherman1.mtx; Matrix; Coordinate; Symmetric; 1000; 1000; 2375; Real; -2.754; 2.254; 2; 2; 4; 38000; 24502; 24502; 13252
shipsec1.mtx; Matrix; Coordinate; Symmetric; 140874; 140874; 3977139; Real; -6.31763e+12; 1.42176e+13; 4; 4; 4; 95451336; 63070732; 47186774; 47186774
shipsec8.mtx; Matrix; Coordinate; Symmetric; 114919; 114919; 3384159; Real; -7.5521e+11; 1.72243e+12; 4; 4; 4; 81219816; 53686872; 40165140; 40165140
ship_003.mtx; Matrix; Coordinate; Symmetric; 121728; 121728; 4103881; Real; -8.74951e+17; 1.73846e+18; 4; 4; 4; 98493144; 65175188; 48768470; 48768470
shl_0.mtx; Matrix; Coordinate; General; 663; 663; 1687; Integer; -1; 4055; 2; 2; 4; 13496; 11450; 11450; 8076
shl_200.mtx; Matrix; Coordinate; General; 663; 663; 1726; Integer; -1; 4055; 2; 2; 4; 13808; 11684; 11684; 8232
shl_400.mtx; Matrix; Coordinate; General; 663; 663; 1712; Integer; -1; 4055; 2; 2; 4; 13696; 11600; 11600; 8176
shyy161.mtx; Matrix; Coordinate; General; 76480; 76480; 329762; Real; -26.2022; 35.4435; 4; 4; 4; 3957144; 2944020; 2131866; 1142580
Si2.mtx; Matrix; Coordinate; Symmetric; 769; 769; 9285; Real; -4.62861; 21.7297; 2; 2; 4; 148560; 108346; 108346; 54943
SmallW.mtx; Matrix; Coordinate; General; 396; 396; 994; Integer; 2; 2; 2; 2; 4; 7952; 6164; 6164; 3182
smallworld.mtx; Matrix; Coordinate; Symmetric; 100000; 100000; 499998; Pattern; 1; 1; 4; 4; 2; 9999960; 6399980; 4316842; 2316850
soc-Epinions1.mtx; Matrix; Coordinate; General; 75888; 75888; 508837; Pattern; 1; 1; 4; 4; 2; 5088370; 3294390; 2162824; 1145150
soc-sign-epinions.mtx; Matrix; Coordinate; General; 131828; 131828; 841372; Integer; -1; 1; 4; 4; 4; 10096464; 7112252; 5272958; 1907470
soc-sign-Slashdot081106.mtx; Matrix; Coordinate; General; 77357; 77357; 516575; Integer; -1; 1; 4; 4; 4; 6198900; 4306000; 3191176; 1124876
soc-sign-Slashdot090216.mtx; Matrix; Coordinate; General; 81871; 81871; 545671; Integer; -1; 1; 4; 4; 4; 6548052; 4540864; 3370804; 1188120
soc-sign-Slashdot090221.mtx; Matrix; Coordinate; General; 82144; 82144; 549202; Integer; -1; 1; 4; 4; 4; 6590424; 4569796; 3392554; 1195746
soc-Slashdot0811.mtx; Matrix; Coordinate; General; 77360; 77360; 905468; Pattern; 1; 1; 4; 4; 2; 9054680; 5742076; 3810426; 1999490
soc-Slashdot0902.mtx; Matrix; Coordinate; General; 82168; 82168; 948464; Pattern; 1; 1; 4; 4; 2; 9484640; 6004552; 3993882; 2096954
spaceShuttleEntry_1.mtx; Matrix; Coordinate; Symmetric; 560; 560; 3605; Real; -28.5278; 176.828; 2; 2; 4; 57680; 42468; 42468; 21795
spaceStation_1.mtx; Matrix; Coordinate; Symmetric; 99; 99; 489; Real; -3.49512e+06; 2.35919e+06; 2; 2; 4; 7824; 5762; 5762; 4835
spaceStation_2.mtx; Matrix; Coordinate; Symmetric; 329; 329; 2999; Real; -195.156; 406.895; 2; 2; 4; 47984; 35562; 35562; 23928
spaceStation_3.mtx; Matrix; Coordinate; Symmetric; 467; 467; 2681; Real; -169.443; 144.284; 2; 2; 4; 42896; 31554; 31554; 16245
spaceStation_4.mtx; Matrix; Coordinate; Symmetric; 950; 950; 7079; Real; -109.642; 117.767; 2; 2; 4; 113264; 83658; 83658; 42780
sphere2.mtx; Matrix; Coordinate; Symmetric; 66; 66; 258; Pattern; 1; 1; 2; 2; 2; 3096; 2198; 2198; 1166
sphere3.mtx; Matrix; Coordinate; Symmetric; 258; 258; 1026; Pattern; 1; 1; 2; 2; 2; 12312; 8726; 8726; 4622
steam1.mtx; Matrix; Coordinate; General; 240; 240; 3762; Real; -2.1712e+07; 23889.5; 2; 2; 4; 30096; 23054; 23054; 15530
steam2.mtx; Matrix; Coordinate; General; 600; 600; 13760; Real; -4.68559e+09; 5.7578e+06; 2; 2; 4; 110080; 83762; 83762; 70002
steam3.mtx; Matrix; Coordinate; General; 80; 80; 928; Real; -1.73857e+10; 2.10148e+07; 2; 2; 4; 7424; 5730; 5730; 5730
Stranke94.mtx; Matrix; Coordinate; Symmetric; 10; 10; 45; Integer; -254; 235; 2; 2; 4; 720; 562; 562; 292
str_0.mtx; Matrix; Coordinate; General; 363; 363; 2454; Real; -3; 9.38697; 2; 2; 4; 19632; 15452; 15452; 8090
str_200.mtx; Matrix; Coordinate; General; 363; 363; 3068; Real; -3; 9.71206; 2; 2; 4; 24544; 19136; 19136; 9932
str_400.mtx; Matrix; Coordinate; General; 363; 363; 3157; Real; -3; 9.85263; 2; 2; 4; 25256; 19670; 19670; 10199
str_600.mtx; Matrix; Coordinate; General; 363; 363; 3279; Real; -3; 9.85263; 2; 2; 4; 26232; 20402; 20402; 10565
sx-askubuntu.mtx; Matrix; Coordinate; General; 159316; 159316; 596933; Integer; 1; 1564; 4; 4; 4; 7163196; 5258740; 3879038; 2685172
t3dh.mtx; Matrix; Coordinate; Symmetric; 79171; 79171; 2215638; Real; -1.54951; 0.774741; 4; 4; 4; 53175312; 35133528; 26282576; 8874156
t3dh_a.mtx; Matrix; Coordinate; Symmetric; 79171; 79171; 2215638; Real; -1.54951; 0.774741; 4; 4; 4; 53175312; 35133528; 26282576; 8874156
t3dh_e.mtx; Matrix; Coordinate; Symmetric; 79171; 79171; 2215638; Real; -2.66227e-07; 5.07265e-07; 4; 4; 4; 53175312; 35133528; 26282576; 8874156
tandem_dual.mtx; Matrix; Coordinate; Symmetric; 94069; 94069; 277281; Pattern; 1; 1; 4; 4; 2; 5545620; 3703652; 2438718; 1329594
TEM152078.mtx; Matrix; Coordinate; Symmetric; 152078; 152078; 3305702; Real; -8.34413e+06; 1.20586e+07; 4; 4; 4; 79336848; 52282924; 39110958; 32651632
TF10.mtx; Matrix; Coordinate; General; 99; 107; 622; Integer; 1; 9; 2; 2; 4; 4976; 3932; 3932; 2066
TF11.mtx; Matrix; Coordinate; General; 216; 236; 1607; Integer; 1; 10; 2; 2; 4; 12856; 10076; 10076; 5255
TF12.mtx; Matrix; Coordinate; General; 488; 552; 4231; Integer; 1; 11; 2; 2; 4; 33848; 26364; 26364; 13671
TF18.mtx; Matrix; Coordinate; General; 95368; 123867; 1597545; Integer; 1; 17; 4; 4; 4; 19170540; 13161836; 9838474; 5045839
thermal1.mtx; Matrix; Coordinate; Symmetric; 82654; 82654; 328556; Real; -1.59283; 4.80401; 4; 4; 4; 7885344; 4926284; 3633814; 1910440
thermomech_TC.mtx; Matrix; Coordinate; Symmetric; 102158; 102158; 406858; Real; 0.000115803; 0.0212566; 4; 4; 4; 9764592; 6101100; 4578178; 1731946
thermomech_TK.mtx; Matrix; Coordinate; Symmetric; 102158; 102158; 406858; Real; -75.3746; 195.635; 4; 4; 4; 9764592; 6101100; 4578178; 2443504
Tina_AskCal.mtx; Matrix; Coordinate; General; 11; 11; 29; Pattern; 1; 1; 2; 2; 2; 174; 140; 140; 82
Tina_AskCog.mtx; Matrix; Coordinate; General; 11; 11; 36; Pattern; 1; 1; 2; 2; 2; 216; 168; 168; 96
Tina_DisCal.mtx; Matrix; Coordinate; General; 11; 11; 41; Pattern; 1; 1; 2; 2; 2; 246; 188; 188; 106
Tina_DisCog.mtx; Matrix; Coordinate; General; 11; 11; 48; Pattern; 1; 1; 2; 2; 2; 288; 216; 216; 120
tols340.mtx; Matrix; Coordinate; General; 340; 340; 2196; Real; -202500; 1181.81; 2; 2; 4; 17568; 13858; 13858; 9466
tols90.mtx; Matrix; Coordinate; General; 90; 90; 1746; Real; -19947.1; 1181.81; 2; 2; 4; 13968; 10658; 10658; 7166
tomography.mtx; Matrix; Coordinate; General; 500; 500; 28726; Real; -5330.84; 1.70462e+07; 2; 2; 4; 229808; 173358; 173358; 173358
torso1.mtx; Matrix; Coordinate; General; 116158; 116158; 8516500; Real; -75.3676; 31.3123; 4; 4; 4; 102198000; 68596636; 51341766; 25792266
torso2.mtx; Matrix; Coordinate; General; 115967; 115967; 1033473; Real; -3.91995; 4.7106; 4; 4; 4; 12401676; 8731656; 6437824; 3337405
trans4.mtx; Matrix; Coordinate; General; 116835; 116835; 766396; Real; -98.3607; 59639.7; 4; 4; 4; 9196752; 6598512; 4933754; 3400962
trans5.mtx; Matrix; Coordinate; General; 116835; 116835; 766396; Real; -98.3607; 11287.7; 4; 4; 4; 9196752; 6598512; 4933754; 3400962
Trec10.mtx; Matrix; Coordinate; General; 106; 478; 8612; Integer; 1; 126; 2; 2; 4; 68896; 51886; 51886; 26050
Trec3.mtx; Matrix; Coordinate; General; 1; 2; 1; Pattern; 1; 1; 2; 2; 2; 6; 8; 8; 6
Trec4.mtx; Matrix; Coordinate; General; 2; 3; 3; Integer; 1; 3; 2; 2; 4; 24; 24; 24; 15
Trec5.mtx; Matrix; Coordinate; General; 3; 7; 12; Integer; 1; 4; 2; 2; 4; 96; 80; 80; 44
Trec6.mtx; Matrix; Coordinate; General; 6; 15; 40; Integer; 1; 10; 2; 2; 4; 320; 254; 254; 134
Trec7.mtx; Matrix; Coordinate; General; 11; 36; 147; Integer; 1; 15; 2; 2; 4; 1176; 906; 906; 465
Trec8.mtx; Matrix; Coordinate; General; 23; 84; 549; Integer; 1; 35; 2; 2; 4; 4392; 3342; 3342; 1695
Trec9.mtx; Matrix; Coordinate; General; 47; 201; 2147; Integer; 1; 56; 2; 2; 4; 17176; 12978; 12978; 6537
Trefethen_150.mtx; Matrix; Coordinate; Symmetric; 150; 150; 1095; Integer; 1; 863; 2; 2; 4; 17520; 12542; 12542; 8462
Trefethen_20.mtx; Matrix; Coordinate; Symmetric; 20; 20; 89; Integer; 1; 71; 2; 2; 4; 1424; 990; 990; 516
Trefethen_200.mtx; Matrix; Coordinate; Symmetric; 200; 200; 1545; Integer; 1; 1223; 2; 2; 4; 24720; 17742; 17742; 11962
Trefethen_200b.mtx; Matrix; Coordinate; Symmetric; 199; 199; 1536; Integer; 1; 1223; 2; 2; 4; 24576; 17638; 17638; 11892
Trefethen_20b.mtx; Matrix; Coordinate; Symmetric; 19; 19; 83; Integer; 1; 71; 2; 2; 4; 1328; 922; 922; 481
Trefethen_300.mtx; Matrix; Coordinate; Symmetric; 300; 300; 2489; Integer; 1; 1987; 2; 2; 4; 39824; 28670; 28670; 19314
Trefethen_500.mtx; Matrix; Coordinate; Symmetric; 500; 500; 4489; Integer; 1; 3571; 2; 2; 4; 71824; 51870; 51870; 34914
Trefethen_700.mtx; Matrix; Coordinate; Symmetric; 700; 700; 6677; Integer; 1; 5279; 2; 2; 4; 106832; 77326; 77326; 52018
TSOPF_FS_b300_c3.mtx; Matrix; Coordinate; Symmetric; 84414; 84414; 6578753; Real; -1.5e+06; 407808; 4; 4; 4; 157890072; 105425100; 79060680; 65924750
TSOPF_FS_b39_c19.mtx; Matrix; Coordinate; Symmetric; 76216; 76216; 998359; Real; -24159.1; 4370.7; 4; 4; 4; 23960616; 16125668; 12060886; 8105686
TSOPF_FS_b39_c30.mtx; Matrix; Coordinate; Symmetric; 120216; 120216; 1575639; Real; -24159.1; 4370.7; 4; 4; 4; 37815336; 25450148; 19038104; 12795784
tub100.mtx; Matrix; Coordinate; General; 100; 100; 396; Real; -1063.76; 960.4; 2; 2; 4; 3168; 2578; 2578; 1786
tub1000.mtx; Matrix; Coordinate; General; 1000; 1000; 3996; Real; -100604; 99600.4; 2; 2; 4; 31968; 25978; 25978; 21982
tumorAntiAngiogenesis_1.mtx; Matrix; Coordinate; Symmetric; 205; 205; 953; Real; -7.36931; 32.4793; 2; 2; 4; 15248; 11110; 11110; 5761
tumorAntiAngiogenesis_2.mtx; Matrix; Coordinate; Symmetric; 305; 305; 1441; Real; -39.5418; 515247; 2; 2; 4; 23056; 16806; 16806; 14107
tumorAntiAngiogenesis_3.mtx; Matrix; Coordinate; Symmetric; 410; 410; 2099; Real; -32.9781; 3.69642e+07; 2; 2; 4; 33584; 24534; 24534; 24534
tumorAntiAngiogenesis_4.mtx; Matrix; Coordinate; Symmetric; 455; 455; 2433; Real; -33.0587; 1.69909e+12; 2; 2; 4; 38928; 28470; 28470; 28470
tumorAntiAngiogenesis_5.mtx; Matrix; Coordinate; Symmetric; 460; 460; 2483; Real; -33.0495; 1.49047e+10; 2; 2; 4; 39728; 29062; 29062; 29062
tumorAntiAngiogenesis_6.mtx; Matrix; Coordinate; Symmetric; 465; 465; 2537; Real; -33.0673; 1.76554e+12; 2; 2; 4; 40592; 29702; 29702; 29702
tumorAntiAngiogenesis_7.mtx; Matrix; Coordinate; Symmetric; 475; 475; 2441; Real; -33.0599; 1.32636e+10; 2; 2; 4; 39056; 28534; 28534; 28534
tumorAntiAngiogenesis_8.mtx; Matrix; Coordinate; Symmetric; 490; 490; 2535; Real; -33.0592; 7.28989e+11; 2; 2; 4; 40560; 29638; 29638; 29638
twotone.mtx; Matrix; Coordinate; General; 120750; 120750; 1224224; Real; -6410.7; 6038.65; 4; 4; 4; 14690688; 10276796; 7592888; 5144440
USAir97.mtx; Matrix; Coordinate; Symmetric; 332; 332; 2126; Real; 0.0009; 0.5326; 2; 2; 4; 34016; 26178; 26178; 9170
usroads-48.mtx; Matrix; Coordinate; Symmetric; 126146; 126146; 161950; Pattern; 1; 1; 4; 4; 2; 3239000; 2447988; 1548718; 900918
usroads.mtx; Matrix; Coordinate; Symmetric; 129164; 129164; 165435; Pattern; 1; 1; 4; 4; 2; 3308700; 2501880; 1582668; 920928
ut2010.mtx; Matrix; Coordinate; Symmetric; 115406; 115406; 286033; Integer; 41; 2.35532e+07; 4; 4; 4; 6864792; 5038156; 3672420; 3672420
utm300.mtx; Matrix; Coordinate; General; 300; 300; 3155; Real; -1; 0.999993; 2; 2; 4; 25240; 19532; 19532; 6912
vsp_c-60_data_cti_cs4.mtx; Matrix; Coordinate; Symmetric; 85830; 85830; 241080; Pattern; 1; 1; 4; 4; 2; 4821600; 3236284; 2120384; 1156064
vsp_finan512_scagr7-2c_rlfddd.mtx; Matrix; Coordinate; Symmetric; 139752; 139752; 552020; Pattern; 1; 1; 4; 4; 2; 11040400; 7183252; 4776758; 2568678
vsp_mod2_pgp2_slptsk.mtx; Matrix; Coordinate; Symmetric; 101364; 101364; 389368; Pattern; 1; 1; 4; 4; 2; 7787360; 5077876; 3377758; 1820286
vsp_vibrobox_scagr7-2c_rlfddd.mtx; Matrix; Coordinate; Symmetric; 77328; 77328; 435586; Pattern; 1; 1; 4; 4; 2; 8711720; 5536348; 3652894; 1910550
wave.mtx; Matrix; Coordinate; Symmetric; 156317; 156317; 1059331; Pattern; 1; 1; 4; 4; 2; 21186620; 13337244; 8865120; 4627796
west0067.mtx; Matrix; Coordinate; General; 67; 67; 294; Real; -1.86335; 1.86335; 2; 2; 4; 2352; 1900; 1900; 724
west0132.mtx; Matrix; Coordinate; General; 132; 132; 414; Real; -316220; 21850.3; 2; 2; 4; 3312; 2750; 2750; 1922
west0156.mtx; Matrix; Coordinate; General; 156; 156; 371; Real; -175966; 1.8672e+07; 2; 2; 4; 2968; 2540; 2540; 2540
west0167.mtx; Matrix; Coordinate; General; 167; 167; 507; Real; -316225; 21599.4; 2; 2; 4; 4056; 3378; 3378; 2364
west0381.mtx; Matrix; Coordinate; General; 381; 381; 2157; Real; -761; 1522; 2; 2; 4; 17256; 13706; 13706; 9392
west0479.mtx; Matrix; Coordinate; General; 479; 479; 1910; Real; -316220; 18449; 2; 2; 4; 15280; 12420; 12420; 8600
west0497.mtx; Matrix; Coordinate; General; 497; 497; 1727; Real; -689300; 9210.46; 2; 2; 4; 13816; 11358; 11358; 7904
west0655.mtx; Matrix; Coordinate; General; 655; 655; 2854; Real; -316220; 18449; 2; 2; 4; 22832; 18436; 18436; 12728
west0989.mtx; Matrix; Coordinate; General; 989; 989; 3537; Real; -316220; 18449; 2; 2; 4; 28296; 23202; 23202; 16128
wheel_3_1.mtx; Matrix; Coordinate; General; 21; 25; 74; Pattern; 1; 1; 2; 2; 2; 444; 340; 340; 192
wheel_4_1.mtx; Matrix; Coordinate; General; 36; 41; 122; Pattern; 1; 1; 2; 2; 2; 732; 562; 562; 318
wheel_5_1.mtx; Matrix; Coordinate; General; 57; 61; 182; Pattern; 1; 1; 2; 2; 2; 1092; 844; 844; 480
wheel_6_1.mtx; Matrix; Coordinate; General; 83; 85; 254; Pattern; 1; 1; 2; 2; 2; 1524; 1184; 1184; 676
wheel_7_1.mtx; Matrix; Coordinate; General; 114; 113; 338; Pattern; 1; 1; 2; 2; 2; 2028; 1582; 1582; 906
will199.mtx; Matrix; Coordinate; General; 199; 199; 701; Pattern; 1; 1; 2; 2; 2; 4206; 3204; 3204; 1802
will57.mtx; Matrix; Coordinate; General; 57; 57; 281; Pattern; 1; 1; 2; 2; 2; 1686; 1240; 1240; 678
wm1.mtx; Matrix; Coordinate; General; 207; 277; 2909; Real; -8.64794; 274.825; 2; 2; 4; 23272; 17870; 17870; 12052
wm2.mtx; Matrix; Coordinate; General; 207; 260; 2942; Real; -23.0552; 6.02732; 2; 2; 4; 23536; 18068; 18068; 9242
wm3.mtx; Matrix; Coordinate; General; 207; 260; 2948; Real; -16.0337; 9.04098; 2; 2; 4; 23584; 18104; 18104; 9260
Wordnet3.mtx; Matrix; Coordinate; General; 82670; 82670; 132964; Integer; 1; 9; 4; 4; 4; 1595568; 1370976; 958562; 559670
WorldCities.mtx; Matrix; Coordinate; General; 315; 100; 7518; Integer; 1; 5; 2; 2; 4; 60144; 45736; 45736; 23182
wv2010.mtx; Matrix; Coordinate; Symmetric; 135218; 135218; 331461; Integer; 9; 2.08228e+06; 4; 4; 4; 7955064; 5844252; 4266424; 3603502
ww_36_pmec_36.mtx; Matrix; Coordinate; General; 66; 66; 1194; Real; -2000; 376.991; 2; 2; 4; 9552; 7298; 7298; 4910
wy2010.mtx; Matrix; Coordinate; Symmetric; 86204; 86204; 213793; Integer; 41; 8.81093e+06; 4; 4; 4; 5131032; 3765508; 2744874; 2317288
x104.mtx; Matrix; Coordinate; Symmetric; 108384; 108384; 5138004; Real; -71129.5; 138384; 4; 4; 4; 123312096; 81774532; 61235198; 51067574
xenon2.mtx; Matrix; Coordinate; General; 157464; 157464; 3866688; Real; -1.37766e+28; 3.17344e+28; 4; 4; 4; 46400256; 31563364; 23537302; 8070550
young3c.mtx; Matrix; Coordinate; General; 841; 841; 3988; Real; -218.46; 114.94; 2; 2; 4; 31904; 25612; 25612; 13648
zed.mtx; Matrix; Coordinate; General; 116; 142; 666; Real; -37; 3500; 2; 2; 4; 5328; 4230; 4230; 2898
